run_dir,iteration,round_duration_seconds,protocol,trial,similarity,run_id
sweep_riblt_n100000_sim00_t1,1,5.951819663,riblt,1,0,sweep_riblt_n100000_sim00_t1
sweep_riblt_n100000_sim00_t1,1,5.997285232,riblt,1,0,sweep_riblt_n100000_sim00_t1
sweep_riblt_n100000_sim00_t2,1,5.880665387,riblt,2,0,sweep_riblt_n100000_sim00_t2
sweep_riblt_n100000_sim00_t2,1,5.937358462,riblt,2,0,sweep_riblt_n100000_sim00_t2
sweep_riblt_n100000_sim00_t3,1,5.593142017,riblt,3,0,sweep_riblt_n100000_sim00_t3
sweep_riblt_n100000_sim00_t3,1,5.665701961,riblt,3,0,sweep_riblt_n100000_sim00_t3
sweep_riblt_n100000_sim00_t4,1,5.966407095,riblt,4,0,sweep_riblt_n100000_sim00_t4
sweep_riblt_n100000_sim00_t4,1,6.068364508,riblt,4,0,sweep_riblt_n100000_sim00_t4
sweep_riblt_n100000_sim00_t5,1,5.503714074,riblt,5,0,sweep_riblt_n100000_sim00_t5
sweep_riblt_n100000_sim00_t5,1,5.5057038590000005,riblt,5,0,sweep_riblt_n100000_sim00_t5
sweep_merkle_n100000_sim00_t1,1,2.417175389,merkle,1,0,sweep_merkle_n100000_sim00_t1
sweep_merkle_n100000_sim00_t1,1,2.516089166,merkle,1,0,sweep_merkle_n100000_sim00_t1
sweep_merkle_n100000_sim00_t2,1,2.359552399,merkle,2,0,sweep_merkle_n100000_sim00_t2
sweep_merkle_n100000_sim00_t2,1,2.425717288,merkle,2,0,sweep_merkle_n100000_sim00_t2
sweep_merkle_n100000_sim00_t3,1,2.453937376,merkle,3,0,sweep_merkle_n100000_sim00_t3
sweep_merkle_n100000_sim00_t3,1,2.489330595,merkle,3,0,sweep_merkle_n100000_sim00_t3
sweep_merkle_n100000_sim00_t4,1,2.498657164,merkle,4,0,sweep_merkle_n100000_sim00_t4
sweep_merkle_n100000_sim00_t4,1,2.619711929,merkle,4,0,sweep_merkle_n100000_sim00_t4
sweep_merkle_n100000_sim00_t5,1,2.300252212,merkle,5,0,sweep_merkle_n100000_sim00_t5
sweep_merkle_n100000_sim00_t5,1,2.373754845,merkle,5,0,sweep_merkle_n100000_sim00_t5
sweep_rbf_riblt_n100000_sim00_t1,1,0.917026618,rbf_riblt,1,0,sweep_rbf_riblt_n100000_sim00_t1
sweep_rbf_riblt_n100000_sim00_t1,1,1.107864177,rbf_riblt,1,0,sweep_rbf_riblt_n100000_sim00_t1
sweep_rbf_riblt_n100000_sim00_t2,1,0.934119999,rbf_riblt,2,0,sweep_rbf_riblt_n100000_sim00_t2
sweep_rbf_riblt_n100000_sim00_t2,1,1.14828935,rbf_riblt,2,0,sweep_rbf_riblt_n100000_sim00_t2
sweep_rbf_riblt_n100000_sim00_t3,1,0.897357786,rbf_riblt,3,0,sweep_rbf_riblt_n100000_sim00_t3
sweep_rbf_riblt_n100000_sim00_t3,1,1.10762746,rbf_riblt,3,0,sweep_rbf_riblt_n100000_sim00_t3
sweep_rbf_riblt_n100000_sim00_t4,1,0.896099415,rbf_riblt,4,0,sweep_rbf_riblt_n100000_sim00_t4
sweep_rbf_riblt_n100000_sim00_t4,1,1.219052831,rbf_riblt,4,0,sweep_rbf_riblt_n100000_sim00_t4
sweep_rbf_riblt_n100000_sim00_t5,1,0.930136752,rbf_riblt,5,0,sweep_rbf_riblt_n100000_sim00_t5
sweep_rbf_riblt_n100000_sim00_t5,1,1.285751933,rbf_riblt,5,0,sweep_rbf_riblt_n100000_sim00_t5
sweep_riblt_n100000_sim05_t1,1,5.560173271,riblt,1,0.05,sweep_riblt_n100000_sim05_t1
sweep_riblt_n100000_sim05_t1,1,5.709810541,riblt,1,0.05,sweep_riblt_n100000_sim05_t1
sweep_riblt_n100000_sim05_t2,1,5.547777417,riblt,2,0.05,sweep_riblt_n100000_sim05_t2
sweep_riblt_n100000_sim05_t2,1,5.613193503,riblt,2,0.05,sweep_riblt_n100000_sim05_t2
sweep_riblt_n100000_sim05_t3,1,5.294137002,riblt,3,0.05,sweep_riblt_n100000_sim05_t3
sweep_riblt_n100000_sim05_t3,1,5.339764909,riblt,3,0.05,sweep_riblt_n100000_sim05_t3
sweep_riblt_n100000_sim05_t4,1,5.698422367,riblt,4,0.05,sweep_riblt_n100000_sim05_t4
sweep_riblt_n100000_sim05_t4,1,5.767026709,riblt,4,0.05,sweep_riblt_n100000_sim05_t4
sweep_riblt_n100000_sim05_t5,1,5.576657846,riblt,5,0.05,sweep_riblt_n100000_sim05_t5
sweep_riblt_n100000_sim05_t5,1,5.671303611,riblt,5,0.05,sweep_riblt_n100000_sim05_t5
sweep_merkle_n100000_sim05_t1,1,2.307190015,merkle,1,0.05,sweep_merkle_n100000_sim05_t1
sweep_merkle_n100000_sim05_t1,1,2.344781749,merkle,1,0.05,sweep_merkle_n100000_sim05_t1
sweep_merkle_n100000_sim05_t2,1,2.476666871,merkle,2,0.05,sweep_merkle_n100000_sim05_t2
sweep_merkle_n100000_sim05_t2,1,2.476009452,merkle,2,0.05,sweep_merkle_n100000_sim05_t2
sweep_merkle_n100000_sim05_t3,1,2.145682435,merkle,3,0.05,sweep_merkle_n100000_sim05_t3
sweep_merkle_n100000_sim05_t3,1,2.208809591,merkle,3,0.05,sweep_merkle_n100000_sim05_t3
sweep_merkle_n100000_sim05_t4,1,2.087414074,merkle,4,0.05,sweep_merkle_n100000_sim05_t4
sweep_merkle_n100000_sim05_t4,1,2.115827103,merkle,4,0.05,sweep_merkle_n100000_sim05_t4
sweep_merkle_n100000_sim05_t5,1,2.14830574,merkle,5,0.05,sweep_merkle_n100000_sim05_t5
sweep_merkle_n100000_sim05_t5,1,2.184500012,merkle,5,0.05,sweep_merkle_n100000_sim05_t5
sweep_rbf_riblt_n100000_sim05_t1,1,1.312886642,rbf_riblt,1,0.05,sweep_rbf_riblt_n100000_sim05_t1
sweep_rbf_riblt_n100000_sim05_t1,1,1.505259957,rbf_riblt,1,0.05,sweep_rbf_riblt_n100000_sim05_t1
sweep_rbf_riblt_n100000_sim05_t2,1,1.265133852,rbf_riblt,2,0.05,sweep_rbf_riblt_n100000_sim05_t2
sweep_rbf_riblt_n100000_sim05_t2,1,1.632931352,rbf_riblt,2,0.05,sweep_rbf_riblt_n100000_sim05_t2
sweep_rbf_riblt_n100000_sim05_t3,1,1.10641709,rbf_riblt,3,0.05,sweep_rbf_riblt_n100000_sim05_t3
sweep_rbf_riblt_n100000_sim05_t3,1,1.342082644,rbf_riblt,3,0.05,sweep_rbf_riblt_n100000_sim05_t3
sweep_rbf_riblt_n100000_sim05_t4,1,1.098654743,rbf_riblt,4,0.05,sweep_rbf_riblt_n100000_sim05_t4
sweep_rbf_riblt_n100000_sim05_t4,1,1.289526379,rbf_riblt,4,0.05,sweep_rbf_riblt_n100000_sim05_t4
sweep_rbf_riblt_n100000_sim05_t5,1,1.071799849,rbf_riblt,5,0.05,sweep_rbf_riblt_n100000_sim05_t5
sweep_rbf_riblt_n100000_sim05_t5,1,1.285941592,rbf_riblt,5,0.05,sweep_rbf_riblt_n100000_sim05_t5
sweep_riblt_n100000_sim10_t1,1,4.607718193,riblt,1,0.1,sweep_riblt_n100000_sim10_t1
sweep_riblt_n100000_sim10_t1,1,4.631317607,riblt,1,0.1,sweep_riblt_n100000_sim10_t1
sweep_riblt_n100000_sim10_t2,1,4.4912612450000005,riblt,2,0.1,sweep_riblt_n100000_sim10_t2
sweep_riblt_n100000_sim10_t2,1,4.563020571,riblt,2,0.1,sweep_riblt_n100000_sim10_t2
sweep_riblt_n100000_sim10_t3,1,5.790411985,riblt,3,0.1,sweep_riblt_n100000_sim10_t3
sweep_riblt_n100000_sim10_t3,1,5.834214769,riblt,3,0.1,sweep_riblt_n100000_sim10_t3
sweep_riblt_n100000_sim10_t4,1,6.637732699,riblt,4,0.1,sweep_riblt_n100000_sim10_t4
sweep_riblt_n100000_sim10_t4,1,6.694639406,riblt,4,0.1,sweep_riblt_n100000_sim10_t4
sweep_riblt_n100000_sim10_t5,1,5.50824539,riblt,5,0.1,sweep_riblt_n100000_sim10_t5
sweep_riblt_n100000_sim10_t5,1,5.578569956,riblt,5,0.1,sweep_riblt_n100000_sim10_t5
sweep_merkle_n100000_sim10_t1,1,1.919017986,merkle,1,0.1,sweep_merkle_n100000_sim10_t1
sweep_merkle_n100000_sim10_t1,1,2.005547569,merkle,1,0.1,sweep_merkle_n100000_sim10_t1
sweep_merkle_n100000_sim10_t2,1,2.007593592,merkle,2,0.1,sweep_merkle_n100000_sim10_t2
sweep_merkle_n100000_sim10_t2,1,2.084638014,merkle,2,0.1,sweep_merkle_n100000_sim10_t2
sweep_merkle_n100000_sim10_t3,1,1.964599109,merkle,3,0.1,sweep_merkle_n100000_sim10_t3
sweep_merkle_n100000_sim10_t3,1,2.092373246,merkle,3,0.1,sweep_merkle_n100000_sim10_t3
sweep_merkle_n100000_sim10_t4,1,2.32626658,merkle,4,0.1,sweep_merkle_n100000_sim10_t4
sweep_merkle_n100000_sim10_t4,1,2.344075298,merkle,4,0.1,sweep_merkle_n100000_sim10_t4
sweep_merkle_n100000_sim10_t5,1,2.169289749,merkle,5,0.1,sweep_merkle_n100000_sim10_t5
sweep_merkle_n100000_sim10_t5,1,2.20194486,merkle,5,0.1,sweep_merkle_n100000_sim10_t5
sweep_rbf_riblt_n100000_sim10_t1,1,1.203542139,rbf_riblt,1,0.1,sweep_rbf_riblt_n100000_sim10_t1
sweep_rbf_riblt_n100000_sim10_t1,1,1.411074647,rbf_riblt,1,0.1,sweep_rbf_riblt_n100000_sim10_t1
sweep_rbf_riblt_n100000_sim10_t2,1,1.329377441,rbf_riblt,2,0.1,sweep_rbf_riblt_n100000_sim10_t2
sweep_rbf_riblt_n100000_sim10_t2,1,1.50119264,rbf_riblt,2,0.1,sweep_rbf_riblt_n100000_sim10_t2
sweep_rbf_riblt_n100000_sim10_t3,1,1.271210989,rbf_riblt,3,0.1,sweep_rbf_riblt_n100000_sim10_t3
sweep_rbf_riblt_n100000_sim10_t3,1,1.395299442,rbf_riblt,3,0.1,sweep_rbf_riblt_n100000_sim10_t3
sweep_rbf_riblt_n100000_sim10_t4,1,1.188755452,rbf_riblt,4,0.1,sweep_rbf_riblt_n100000_sim10_t4
sweep_rbf_riblt_n100000_sim10_t4,1,1.425864379,rbf_riblt,4,0.1,sweep_rbf_riblt_n100000_sim10_t4
sweep_rbf_riblt_n100000_sim10_t5,1,1.411241029,rbf_riblt,5,0.1,sweep_rbf_riblt_n100000_sim10_t5
sweep_rbf_riblt_n100000_sim10_t5,1,1.636817881,rbf_riblt,5,0.1,sweep_rbf_riblt_n100000_sim10_t5
sweep_riblt_n100000_sim20_t1,1,4.281437083,riblt,1,0.2,sweep_riblt_n100000_sim20_t1
sweep_riblt_n100000_sim20_t1,1,4.37533617,riblt,1,0.2,sweep_riblt_n100000_sim20_t1
sweep_riblt_n100000_sim20_t2,1,4.096893203,riblt,2,0.2,sweep_riblt_n100000_sim20_t2
sweep_riblt_n100000_sim20_t2,1,4.105816068,riblt,2,0.2,sweep_riblt_n100000_sim20_t2
sweep_riblt_n100000_sim20_t3,1,4.346068155,riblt,3,0.2,sweep_riblt_n100000_sim20_t3
sweep_riblt_n100000_sim20_t3,1,4.387256272,riblt,3,0.2,sweep_riblt_n100000_sim20_t3
sweep_riblt_n100000_sim20_t4,1,4.011813709,riblt,4,0.2,sweep_riblt_n100000_sim20_t4
sweep_riblt_n100000_sim20_t4,1,4.050884723,riblt,4,0.2,sweep_riblt_n100000_sim20_t4
sweep_riblt_n100000_sim20_t5,1,4.211786315,riblt,5,0.2,sweep_riblt_n100000_sim20_t5
sweep_riblt_n100000_sim20_t5,1,4.224510926,riblt,5,0.2,sweep_riblt_n100000_sim20_t5
sweep_merkle_n100000_sim20_t1,1,1.613869524,merkle,1,0.2,sweep_merkle_n100000_sim20_t1
sweep_merkle_n100000_sim20_t1,1,1.65503913,merkle,1,0.2,sweep_merkle_n100000_sim20_t1
sweep_merkle_n100000_sim20_t2,1,2.063819972,merkle,2,0.2,sweep_merkle_n100000_sim20_t2
sweep_merkle_n100000_sim20_t2,1,2.090749968,merkle,2,0.2,sweep_merkle_n100000_sim20_t2
sweep_merkle_n100000_sim20_t3,1,1.758179626,merkle,3,0.2,sweep_merkle_n100000_sim20_t3
sweep_merkle_n100000_sim20_t3,1,1.84625721,merkle,3,0.2,sweep_merkle_n100000_sim20_t3
sweep_merkle_n100000_sim20_t4,1,1.916450274,merkle,4,0.2,sweep_merkle_n100000_sim20_t4
sweep_merkle_n100000_sim20_t4,1,1.971021529,merkle,4,0.2,sweep_merkle_n100000_sim20_t4
sweep_merkle_n100000_sim20_t5,1,1.845813516,merkle,5,0.2,sweep_merkle_n100000_sim20_t5
sweep_merkle_n100000_sim20_t5,1,1.851808838,merkle,5,0.2,sweep_merkle_n100000_sim20_t5
sweep_rbf_riblt_n100000_sim20_t1,1,1.522339973,rbf_riblt,1,0.2,sweep_rbf_riblt_n100000_sim20_t1
sweep_rbf_riblt_n100000_sim20_t1,1,1.810652621,rbf_riblt,1,0.2,sweep_rbf_riblt_n100000_sim20_t1
sweep_rbf_riblt_n100000_sim20_t2,1,1.577221566,rbf_riblt,2,0.2,sweep_rbf_riblt_n100000_sim20_t2
sweep_rbf_riblt_n100000_sim20_t2,1,1.790732953,rbf_riblt,2,0.2,sweep_rbf_riblt_n100000_sim20_t2
sweep_rbf_riblt_n100000_sim20_t3,1,1.471883635,rbf_riblt,3,0.2,sweep_rbf_riblt_n100000_sim20_t3
sweep_rbf_riblt_n100000_sim20_t3,1,1.738035707,rbf_riblt,3,0.2,sweep_rbf_riblt_n100000_sim20_t3
sweep_rbf_riblt_n100000_sim20_t4,1,1.479196481,rbf_riblt,4,0.2,sweep_rbf_riblt_n100000_sim20_t4
sweep_rbf_riblt_n100000_sim20_t4,1,1.7109425740000002,rbf_riblt,4,0.2,sweep_rbf_riblt_n100000_sim20_t4
sweep_rbf_riblt_n100000_sim20_t5,1,1.458087745,rbf_riblt,5,0.2,sweep_rbf_riblt_n100000_sim20_t5
sweep_rbf_riblt_n100000_sim20_t5,1,1.661306316,rbf_riblt,5,0.2,sweep_rbf_riblt_n100000_sim20_t5
sweep_riblt_n100000_sim30_t1,1,3.653023917,riblt,1,0.3,sweep_riblt_n100000_sim30_t1
sweep_riblt_n100000_sim30_t1,1,3.665529187,riblt,1,0.3,sweep_riblt_n100000_sim30_t1
sweep_riblt_n100000_sim30_t2,1,3.699403082,riblt,2,0.3,sweep_riblt_n100000_sim30_t2
sweep_riblt_n100000_sim30_t2,1,3.688703555,riblt,2,0.3,sweep_riblt_n100000_sim30_t2
sweep_riblt_n100000_sim30_t3,1,3.816342013,riblt,3,0.3,sweep_riblt_n100000_sim30_t3
sweep_riblt_n100000_sim30_t3,1,3.856053353,riblt,3,0.3,sweep_riblt_n100000_sim30_t3
sweep_riblt_n100000_sim30_t4,1,3.689253312,riblt,4,0.3,sweep_riblt_n100000_sim30_t4
sweep_riblt_n100000_sim30_t4,1,3.751378363,riblt,4,0.3,sweep_riblt_n100000_sim30_t4
sweep_riblt_n100000_sim30_t5,1,4.20512414,riblt,5,0.3,sweep_riblt_n100000_sim30_t5
sweep_riblt_n100000_sim30_t5,1,4.295899512,riblt,5,0.3,sweep_riblt_n100000_sim30_t5
sweep_merkle_n100000_sim30_t1,1,1.508185748,merkle,1,0.3,sweep_merkle_n100000_sim30_t1
sweep_merkle_n100000_sim30_t1,1,1.531581496,merkle,1,0.3,sweep_merkle_n100000_sim30_t1
sweep_merkle_n100000_sim30_t2,1,1.483290418,merkle,2,0.3,sweep_merkle_n100000_sim30_t2
sweep_merkle_n100000_sim30_t2,1,1.456618491,merkle,2,0.3,sweep_merkle_n100000_sim30_t2
sweep_merkle_n100000_sim30_t3,1,1.572015724,merkle,3,0.3,sweep_merkle_n100000_sim30_t3
sweep_merkle_n100000_sim30_t3,1,1.628573255,merkle,3,0.3,sweep_merkle_n100000_sim30_t3
sweep_merkle_n100000_sim30_t4,1,1.73526256,merkle,4,0.3,sweep_merkle_n100000_sim30_t4
sweep_merkle_n100000_sim30_t4,1,1.781049254,merkle,4,0.3,sweep_merkle_n100000_sim30_t4
sweep_merkle_n100000_sim30_t5,1,1.678505755,merkle,5,0.3,sweep_merkle_n100000_sim30_t5
sweep_merkle_n100000_sim30_t5,1,1.727803227,merkle,5,0.3,sweep_merkle_n100000_sim30_t5
sweep_rbf_riblt_n100000_sim30_t1,1,1.789073627,rbf_riblt,1,0.3,sweep_rbf_riblt_n100000_sim30_t1
sweep_rbf_riblt_n100000_sim30_t1,1,1.952723966,rbf_riblt,1,0.3,sweep_rbf_riblt_n100000_sim30_t1
sweep_rbf_riblt_n100000_sim30_t2,1,1.752020276,rbf_riblt,2,0.3,sweep_rbf_riblt_n100000_sim30_t2
sweep_rbf_riblt_n100000_sim30_t2,1,1.976461719,rbf_riblt,2,0.3,sweep_rbf_riblt_n100000_sim30_t2
sweep_rbf_riblt_n100000_sim30_t3,1,1.739740081,rbf_riblt,3,0.3,sweep_rbf_riblt_n100000_sim30_t3
sweep_rbf_riblt_n100000_sim30_t3,1,1.967578257,rbf_riblt,3,0.3,sweep_rbf_riblt_n100000_sim30_t3
sweep_rbf_riblt_n100000_sim30_t4,1,1.745096392,rbf_riblt,4,0.3,sweep_rbf_riblt_n100000_sim30_t4
sweep_rbf_riblt_n100000_sim30_t4,1,2.076576395,rbf_riblt,4,0.3,sweep_rbf_riblt_n100000_sim30_t4
sweep_rbf_riblt_n100000_sim30_t5,1,1.742161994,rbf_riblt,5,0.3,sweep_rbf_riblt_n100000_sim30_t5
sweep_rbf_riblt_n100000_sim30_t5,1,1.966236582,rbf_riblt,5,0.3,sweep_rbf_riblt_n100000_sim30_t5
sweep_riblt_n100000_sim40_t1,1,3.962863501,riblt,1,0.4,sweep_riblt_n100000_sim40_t1
sweep_riblt_n100000_sim40_t1,1,3.976611532,riblt,1,0.4,sweep_riblt_n100000_sim40_t1
sweep_riblt_n100000_sim40_t2,1,3.744631041,riblt,2,0.4,sweep_riblt_n100000_sim40_t2
sweep_riblt_n100000_sim40_t2,1,3.824570932,riblt,2,0.4,sweep_riblt_n100000_sim40_t2
sweep_riblt_n100000_sim40_t3,1,3.297708841,riblt,3,0.4,sweep_riblt_n100000_sim40_t3
sweep_riblt_n100000_sim40_t3,1,3.327109404,riblt,3,0.4,sweep_riblt_n100000_sim40_t3
sweep_riblt_n100000_sim40_t4,1,3.438261364,riblt,4,0.4,sweep_riblt_n100000_sim40_t4
sweep_riblt_n100000_sim40_t4,1,3.497755037,riblt,4,0.4,sweep_riblt_n100000_sim40_t4
sweep_riblt_n100000_sim40_t5,1,3.618825785,riblt,5,0.4,sweep_riblt_n100000_sim40_t5
sweep_riblt_n100000_sim40_t5,1,3.718079292,riblt,5,0.4,sweep_riblt_n100000_sim40_t5
sweep_merkle_n100000_sim40_t1,1,1.217338164,merkle,1,0.4,sweep_merkle_n100000_sim40_t1
sweep_merkle_n100000_sim40_t1,1,1.240131751,merkle,1,0.4,sweep_merkle_n100000_sim40_t1
sweep_merkle_n100000_sim40_t2,1,1.293362655,merkle,2,0.4,sweep_merkle_n100000_sim40_t2
sweep_merkle_n100000_sim40_t2,1,1.350059193,merkle,2,0.4,sweep_merkle_n100000_sim40_t2
sweep_merkle_n100000_sim40_t3,1,1.251130888,merkle,3,0.4,sweep_merkle_n100000_sim40_t3
sweep_merkle_n100000_sim40_t3,1,1.278147775,merkle,3,0.4,sweep_merkle_n100000_sim40_t3
sweep_merkle_n100000_sim40_t4,1,1.242790198,merkle,4,0.4,sweep_merkle_n100000_sim40_t4
sweep_merkle_n100000_sim40_t4,1,1.258274763,merkle,4,0.4,sweep_merkle_n100000_sim40_t4
sweep_merkle_n100000_sim40_t5,1,1.206764378,merkle,5,0.4,sweep_merkle_n100000_sim40_t5
sweep_merkle_n100000_sim40_t5,1,1.261310578,merkle,5,0.4,sweep_merkle_n100000_sim40_t5
sweep_rbf_riblt_n100000_sim40_t1,1,1.777940479,rbf_riblt,1,0.4,sweep_rbf_riblt_n100000_sim40_t1
sweep_rbf_riblt_n100000_sim40_t1,1,2.053114179,rbf_riblt,1,0.4,sweep_rbf_riblt_n100000_sim40_t1
sweep_rbf_riblt_n100000_sim40_t2,1,1.83380665,rbf_riblt,2,0.4,sweep_rbf_riblt_n100000_sim40_t2
sweep_rbf_riblt_n100000_sim40_t2,1,2.011160464,rbf_riblt,2,0.4,sweep_rbf_riblt_n100000_sim40_t2
sweep_rbf_riblt_n100000_sim40_t3,1,1.84813259,rbf_riblt,3,0.4,sweep_rbf_riblt_n100000_sim40_t3
sweep_rbf_riblt_n100000_sim40_t3,1,2.042788663,rbf_riblt,3,0.4,sweep_rbf_riblt_n100000_sim40_t3
sweep_rbf_riblt_n100000_sim40_t4,1,1.814294837,rbf_riblt,4,0.4,sweep_rbf_riblt_n100000_sim40_t4
sweep_rbf_riblt_n100000_sim40_t4,1,1.969084077,rbf_riblt,4,0.4,sweep_rbf_riblt_n100000_sim40_t4
sweep_rbf_riblt_n100000_sim40_t5,1,2.031297773,rbf_riblt,5,0.4,sweep_rbf_riblt_n100000_sim40_t5
sweep_rbf_riblt_n100000_sim40_t5,1,1.950714828,rbf_riblt,5,0.4,sweep_rbf_riblt_n100000_sim40_t5
sweep_riblt_n100000_sim50_t1,1,2.884937712,riblt,1,0.5,sweep_riblt_n100000_sim50_t1
sweep_riblt_n100000_sim50_t1,1,2.940908401,riblt,1,0.5,sweep_riblt_n100000_sim50_t1
sweep_riblt_n100000_sim50_t2,1,2.861482088,riblt,2,0.5,sweep_riblt_n100000_sim50_t2
sweep_riblt_n100000_sim50_t2,1,2.876612771,riblt,2,0.5,sweep_riblt_n100000_sim50_t2
sweep_riblt_n100000_sim50_t3,1,2.911831949,riblt,3,0.5,sweep_riblt_n100000_sim50_t3
sweep_riblt_n100000_sim50_t3,1,3.007307214,riblt,3,0.5,sweep_riblt_n100000_sim50_t3
sweep_riblt_n100000_sim50_t4,1,2.845396939,riblt,4,0.5,sweep_riblt_n100000_sim50_t4
sweep_riblt_n100000_sim50_t4,1,2.936693325,riblt,4,0.5,sweep_riblt_n100000_sim50_t4
sweep_riblt_n100000_sim50_t5,1,2.923079165,riblt,5,0.5,sweep_riblt_n100000_sim50_t5
sweep_riblt_n100000_sim50_t5,1,3.031957109,riblt,5,0.5,sweep_riblt_n100000_sim50_t5
sweep_merkle_n100000_sim50_t1,1,1.07723306,merkle,1,0.5,sweep_merkle_n100000_sim50_t1
sweep_merkle_n100000_sim50_t1,1,1.10597175,merkle,1,0.5,sweep_merkle_n100000_sim50_t1
sweep_merkle_n100000_sim50_t2,1,1.111219218,merkle,2,0.5,sweep_merkle_n100000_sim50_t2
sweep_merkle_n100000_sim50_t2,1,1.141885037,merkle,2,0.5,sweep_merkle_n100000_sim50_t2
sweep_merkle_n100000_sim50_t3,1,1.201882867,merkle,3,0.5,sweep_merkle_n100000_sim50_t3
sweep_merkle_n100000_sim50_t3,1,1.170563613,merkle,3,0.5,sweep_merkle_n100000_sim50_t3
sweep_merkle_n100000_sim50_t4,1,1.039786405,merkle,4,0.5,sweep_merkle_n100000_sim50_t4
sweep_merkle_n100000_sim50_t4,1,1.073358528,merkle,4,0.5,sweep_merkle_n100000_sim50_t4
sweep_merkle_n100000_sim50_t5,1,1.117143972,merkle,5,0.5,sweep_merkle_n100000_sim50_t5
sweep_merkle_n100000_sim50_t5,1,1.097735651,merkle,5,0.5,sweep_merkle_n100000_sim50_t5
sweep_rbf_riblt_n100000_sim50_t1,1,2.293695774,rbf_riblt,1,0.5,sweep_rbf_riblt_n100000_sim50_t1
sweep_rbf_riblt_n100000_sim50_t1,1,2.417159509,rbf_riblt,1,0.5,sweep_rbf_riblt_n100000_sim50_t1
sweep_rbf_riblt_n100000_sim50_t2,1,2.113218021,rbf_riblt,2,0.5,sweep_rbf_riblt_n100000_sim50_t2
sweep_rbf_riblt_n100000_sim50_t2,1,2.012848338,rbf_riblt,2,0.5,sweep_rbf_riblt_n100000_sim50_t2
sweep_rbf_riblt_n100000_sim50_t3,1,2.272882746,rbf_riblt,3,0.5,sweep_rbf_riblt_n100000_sim50_t3
sweep_rbf_riblt_n100000_sim50_t3,1,2.449078857,rbf_riblt,3,0.5,sweep_rbf_riblt_n100000_sim50_t3
sweep_rbf_riblt_n100000_sim50_t4,1,2.000101823,rbf_riblt,4,0.5,sweep_rbf_riblt_n100000_sim50_t4
sweep_rbf_riblt_n100000_sim50_t4,1,2.143167486,rbf_riblt,4,0.5,sweep_rbf_riblt_n100000_sim50_t4
sweep_rbf_riblt_n100000_sim50_t5,1,2.051054953,rbf_riblt,5,0.5,sweep_rbf_riblt_n100000_sim50_t5
sweep_rbf_riblt_n100000_sim50_t5,1,2.273115115,rbf_riblt,5,0.5,sweep_rbf_riblt_n100000_sim50_t5
sweep_riblt_n100000_sim60_t1,1,2.583024081,riblt,1,0.6,sweep_riblt_n100000_sim60_t1
sweep_riblt_n100000_sim60_t1,1,2.710189203,riblt,1,0.6,sweep_riblt_n100000_sim60_t1
sweep_riblt_n100000_sim60_t2,1,2.7277030570000003,riblt,2,0.6,sweep_riblt_n100000_sim60_t2
sweep_riblt_n100000_sim60_t2,1,2.734689626,riblt,2,0.6,sweep_riblt_n100000_sim60_t2
sweep_riblt_n100000_sim60_t3,1,2.676772,riblt,3,0.6,sweep_riblt_n100000_sim60_t3
sweep_riblt_n100000_sim60_t3,1,2.688908314,riblt,3,0.6,sweep_riblt_n100000_sim60_t3
sweep_riblt_n100000_sim60_t4,1,2.747490496,riblt,4,0.6,sweep_riblt_n100000_sim60_t4
sweep_riblt_n100000_sim60_t4,1,2.79934895,riblt,4,0.6,sweep_riblt_n100000_sim60_t4
sweep_riblt_n100000_sim60_t5,1,2.837539795,riblt,5,0.6,sweep_riblt_n100000_sim60_t5
sweep_riblt_n100000_sim60_t5,1,2.859776411,riblt,5,0.6,sweep_riblt_n100000_sim60_t5
sweep_merkle_n100000_sim60_t1,1,0.993031942,merkle,1,0.6,sweep_merkle_n100000_sim60_t1
sweep_merkle_n100000_sim60_t1,1,1.028174942,merkle,1,0.6,sweep_merkle_n100000_sim60_t1
sweep_merkle_n100000_sim60_t2,1,1.009573924,merkle,2,0.6,sweep_merkle_n100000_sim60_t2
sweep_merkle_n100000_sim60_t2,1,1.055727886,merkle,2,0.6,sweep_merkle_n100000_sim60_t2
sweep_merkle_n100000_sim60_t3,1,1.006531791,merkle,3,0.6,sweep_merkle_n100000_sim60_t3
sweep_merkle_n100000_sim60_t3,1,1.054417048,merkle,3,0.6,sweep_merkle_n100000_sim60_t3
sweep_merkle_n100000_sim60_t4,1,0.951755449,merkle,4,0.6,sweep_merkle_n100000_sim60_t4
sweep_merkle_n100000_sim60_t4,1,1.054104033,merkle,4,0.6,sweep_merkle_n100000_sim60_t4
sweep_merkle_n100000_sim60_t5,1,0.998243544,merkle,5,0.6,sweep_merkle_n100000_sim60_t5
sweep_merkle_n100000_sim60_t5,1,0.967550967,merkle,5,0.6,sweep_merkle_n100000_sim60_t5
sweep_rbf_riblt_n100000_sim60_t1,1,2.112503351,rbf_riblt,1,0.6,sweep_rbf_riblt_n100000_sim60_t1
sweep_rbf_riblt_n100000_sim60_t1,1,2.283868436,rbf_riblt,1,0.6,sweep_rbf_riblt_n100000_sim60_t1
sweep_rbf_riblt_n100000_sim60_t2,1,2.307176867,rbf_riblt,2,0.6,sweep_rbf_riblt_n100000_sim60_t2
sweep_rbf_riblt_n100000_sim60_t2,1,2.215375775,rbf_riblt,2,0.6,sweep_rbf_riblt_n100000_sim60_t2
sweep_rbf_riblt_n100000_sim60_t3,1,2.35926716,rbf_riblt,3,0.6,sweep_rbf_riblt_n100000_sim60_t3
sweep_rbf_riblt_n100000_sim60_t3,1,2.537739226,rbf_riblt,3,0.6,sweep_rbf_riblt_n100000_sim60_t3
sweep_rbf_riblt_n100000_sim60_t4,1,2.136001386,rbf_riblt,4,0.6,sweep_rbf_riblt_n100000_sim60_t4
sweep_rbf_riblt_n100000_sim60_t4,1,2.309000064,rbf_riblt,4,0.6,sweep_rbf_riblt_n100000_sim60_t4
sweep_rbf_riblt_n100000_sim60_t5,1,2.204803991,rbf_riblt,5,0.6,sweep_rbf_riblt_n100000_sim60_t5
sweep_rbf_riblt_n100000_sim60_t5,1,2.481044392,rbf_riblt,5,0.6,sweep_rbf_riblt_n100000_sim60_t5
sweep_riblt_n100000_sim70_t1,1,2.512179728,riblt,1,0.7,sweep_riblt_n100000_sim70_t1
sweep_riblt_n100000_sim70_t1,1,2.51252223,riblt,1,0.7,sweep_riblt_n100000_sim70_t1
sweep_riblt_n100000_sim70_t2,1,2.320628931,riblt,2,0.7,sweep_riblt_n100000_sim70_t2
sweep_riblt_n100000_sim70_t2,1,2.379943366,riblt,2,0.7,sweep_riblt_n100000_sim70_t2
sweep_riblt_n100000_sim70_t3,1,2.420032488,riblt,3,0.7,sweep_riblt_n100000_sim70_t3
sweep_riblt_n100000_sim70_t3,1,2.462799085,riblt,3,0.7,sweep_riblt_n100000_sim70_t3
sweep_riblt_n100000_sim70_t4,1,2.405767648,riblt,4,0.7,sweep_riblt_n100000_sim70_t4
sweep_riblt_n100000_sim70_t4,1,2.4638042,riblt,4,0.7,sweep_riblt_n100000_sim70_t4
sweep_riblt_n100000_sim70_t5,1,2.470716348,riblt,5,0.7,sweep_riblt_n100000_sim70_t5
sweep_riblt_n100000_sim70_t5,1,2.496905635,riblt,5,0.7,sweep_riblt_n100000_sim70_t5
sweep_merkle_n100000_sim70_t1,1,0.901268667,merkle,1,0.7,sweep_merkle_n100000_sim70_t1
sweep_merkle_n100000_sim70_t1,1,0.95593489,merkle,1,0.7,sweep_merkle_n100000_sim70_t1
sweep_merkle_n100000_sim70_t2,1,0.894509298,merkle,2,0.7,sweep_merkle_n100000_sim70_t2
sweep_merkle_n100000_sim70_t2,1,0.885364143,merkle,2,0.7,sweep_merkle_n100000_sim70_t2
sweep_merkle_n100000_sim70_t3,1,0.822744754,merkle,3,0.7,sweep_merkle_n100000_sim70_t3
sweep_merkle_n100000_sim70_t3,1,0.853741354,merkle,3,0.7,sweep_merkle_n100000_sim70_t3
sweep_merkle_n100000_sim70_t4,1,0.951032198,merkle,4,0.7,sweep_merkle_n100000_sim70_t4
sweep_merkle_n100000_sim70_t4,1,0.951101969,merkle,4,0.7,sweep_merkle_n100000_sim70_t4
sweep_merkle_n100000_sim70_t5,1,0.836875751,merkle,5,0.7,sweep_merkle_n100000_sim70_t5
sweep_merkle_n100000_sim70_t5,1,0.876118021,merkle,5,0.7,sweep_merkle_n100000_sim70_t5
sweep_rbf_riblt_n100000_sim70_t1,1,2.501630463,rbf_riblt,1,0.7,sweep_rbf_riblt_n100000_sim70_t1
sweep_rbf_riblt_n100000_sim70_t1,1,2.355932924,rbf_riblt,1,0.7,sweep_rbf_riblt_n100000_sim70_t1
sweep_rbf_riblt_n100000_sim70_t2,1,2.250752419,rbf_riblt,2,0.7,sweep_rbf_riblt_n100000_sim70_t2
sweep_rbf_riblt_n100000_sim70_t2,1,2.412767535,rbf_riblt,2,0.7,sweep_rbf_riblt_n100000_sim70_t2
sweep_rbf_riblt_n100000_sim70_t3,1,2.375225434,rbf_riblt,3,0.7,sweep_rbf_riblt_n100000_sim70_t3
sweep_rbf_riblt_n100000_sim70_t3,1,2.53593005,rbf_riblt,3,0.7,sweep_rbf_riblt_n100000_sim70_t3
sweep_rbf_riblt_n100000_sim70_t4,1,2.353407534,rbf_riblt,4,0.7,sweep_rbf_riblt_n100000_sim70_t4
sweep_rbf_riblt_n100000_sim70_t4,1,2.222385177,rbf_riblt,4,0.7,sweep_rbf_riblt_n100000_sim70_t4
sweep_rbf_riblt_n100000_sim70_t5,1,2.287370962,rbf_riblt,5,0.7,sweep_rbf_riblt_n100000_sim70_t5
sweep_rbf_riblt_n100000_sim70_t5,1,2.437292648,rbf_riblt,5,0.7,sweep_rbf_riblt_n100000_sim70_t5
sweep_riblt_n100000_sim75_t1,1,2.163296713,riblt,1,0.75,sweep_riblt_n100000_sim75_t1
sweep_riblt_n100000_sim75_t1,1,2.218495691,riblt,1,0.75,sweep_riblt_n100000_sim75_t1
sweep_riblt_n100000_sim75_t2,1,2.219995413,riblt,2,0.75,sweep_riblt_n100000_sim75_t2
sweep_riblt_n100000_sim75_t2,1,2.319192155,riblt,2,0.75,sweep_riblt_n100000_sim75_t2
sweep_riblt_n100000_sim75_t3,1,2.312218107,riblt,3,0.75,sweep_riblt_n100000_sim75_t3
sweep_riblt_n100000_sim75_t3,1,2.346000958,riblt,3,0.75,sweep_riblt_n100000_sim75_t3
sweep_riblt_n100000_sim75_t4,1,2.572527721,riblt,4,0.75,sweep_riblt_n100000_sim75_t4
sweep_riblt_n100000_sim75_t4,1,2.580735747,riblt,4,0.75,sweep_riblt_n100000_sim75_t4
sweep_riblt_n100000_sim75_t5,1,2.249982314,riblt,5,0.75,sweep_riblt_n100000_sim75_t5
sweep_riblt_n100000_sim75_t5,1,2.291149902,riblt,5,0.75,sweep_riblt_n100000_sim75_t5
sweep_merkle_n100000_sim75_t1,1,0.694618036,merkle,1,0.75,sweep_merkle_n100000_sim75_t1
sweep_merkle_n100000_sim75_t1,1,0.707318602,merkle,1,0.75,sweep_merkle_n100000_sim75_t1
sweep_merkle_n100000_sim75_t2,1,0.691700911,merkle,2,0.75,sweep_merkle_n100000_sim75_t2
sweep_merkle_n100000_sim75_t2,1,0.684791724,merkle,2,0.75,sweep_merkle_n100000_sim75_t2
sweep_merkle_n100000_sim75_t3,1,0.676580071,merkle,3,0.75,sweep_merkle_n100000_sim75_t3
sweep_merkle_n100000_sim75_t3,1,0.695109868,merkle,3,0.75,sweep_merkle_n100000_sim75_t3
sweep_merkle_n100000_sim75_t4,1,0.715498985,merkle,4,0.75,sweep_merkle_n100000_sim75_t4
sweep_merkle_n100000_sim75_t4,1,0.729406967,merkle,4,0.75,sweep_merkle_n100000_sim75_t4
sweep_merkle_n100000_sim75_t5,1,0.696608671,merkle,5,0.75,sweep_merkle_n100000_sim75_t5
sweep_merkle_n100000_sim75_t5,1,0.718378615,merkle,5,0.75,sweep_merkle_n100000_sim75_t5
sweep_rbf_riblt_n100000_sim75_t1,1,2.312690583,rbf_riblt,1,0.75,sweep_rbf_riblt_n100000_sim75_t1
sweep_rbf_riblt_n100000_sim75_t1,1,2.407222774,rbf_riblt,1,0.75,sweep_rbf_riblt_n100000_sim75_t1
sweep_rbf_riblt_n100000_sim75_t2,1,2.466601566,rbf_riblt,2,0.75,sweep_rbf_riblt_n100000_sim75_t2
sweep_rbf_riblt_n100000_sim75_t2,1,2.36160359,rbf_riblt,2,0.75,sweep_rbf_riblt_n100000_sim75_t2
sweep_rbf_riblt_n100000_sim75_t3,1,2.554872578,rbf_riblt,3,0.75,sweep_rbf_riblt_n100000_sim75_t3
sweep_rbf_riblt_n100000_sim75_t3,1,2.671552486,rbf_riblt,3,0.75,sweep_rbf_riblt_n100000_sim75_t3
sweep_rbf_riblt_n100000_sim75_t4,1,2.631961026,rbf_riblt,4,0.75,sweep_rbf_riblt_n100000_sim75_t4
sweep_rbf_riblt_n100000_sim75_t4,1,2.766276347,rbf_riblt,4,0.75,sweep_rbf_riblt_n100000_sim75_t4
sweep_rbf_riblt_n100000_sim75_t5,1,2.786220735,rbf_riblt,5,0.75,sweep_rbf_riblt_n100000_sim75_t5
sweep_rbf_riblt_n100000_sim75_t5,1,2.912113757,rbf_riblt,5,0.75,sweep_rbf_riblt_n100000_sim75_t5
sweep_riblt_n100000_sim80_t1,1,2.190986038,riblt,1,0.8,sweep_riblt_n100000_sim80_t1
sweep_riblt_n100000_sim80_t1,1,2.222267458,riblt,1,0.8,sweep_riblt_n100000_sim80_t1
sweep_riblt_n100000_sim80_t2,1,2.224844757,riblt,2,0.8,sweep_riblt_n100000_sim80_t2
sweep_riblt_n100000_sim80_t2,1,2.223348129,riblt,2,0.8,sweep_riblt_n100000_sim80_t2
sweep_riblt_n100000_sim80_t3,1,2.131596819,riblt,3,0.8,sweep_riblt_n100000_sim80_t3
sweep_riblt_n100000_sim80_t3,1,2.167474284,riblt,3,0.8,sweep_riblt_n100000_sim80_t3
sweep_riblt_n100000_sim80_t4,1,2.551305208,riblt,4,0.8,sweep_riblt_n100000_sim80_t4
sweep_riblt_n100000_sim80_t4,1,2.5928633530000003,riblt,4,0.8,sweep_riblt_n100000_sim80_t4
sweep_riblt_n100000_sim80_t5,1,2.601481228,riblt,5,0.8,sweep_riblt_n100000_sim80_t5
sweep_riblt_n100000_sim80_t5,1,2.651192924,riblt,5,0.8,sweep_riblt_n100000_sim80_t5
sweep_merkle_n100000_sim80_t1,1,0.77433125,merkle,1,0.8,sweep_merkle_n100000_sim80_t1
sweep_merkle_n100000_sim80_t1,1,0.800728809,merkle,1,0.8,sweep_merkle_n100000_sim80_t1
sweep_merkle_n100000_sim80_t2,1,0.780359884,merkle,2,0.8,sweep_merkle_n100000_sim80_t2
sweep_merkle_n100000_sim80_t2,1,0.727721069,merkle,2,0.8,sweep_merkle_n100000_sim80_t2
sweep_merkle_n100000_sim80_t3,1,0.657234879,merkle,3,0.8,sweep_merkle_n100000_sim80_t3
sweep_merkle_n100000_sim80_t3,1,0.661379609,merkle,3,0.8,sweep_merkle_n100000_sim80_t3
sweep_merkle_n100000_sim80_t4,1,0.688215986,merkle,4,0.8,sweep_merkle_n100000_sim80_t4
sweep_merkle_n100000_sim80_t4,1,0.710593202,merkle,4,0.8,sweep_merkle_n100000_sim80_t4
sweep_merkle_n100000_sim80_t5,1,0.647939989,merkle,5,0.8,sweep_merkle_n100000_sim80_t5
sweep_merkle_n100000_sim80_t5,1,0.663592049,merkle,5,0.8,sweep_merkle_n100000_sim80_t5
sweep_rbf_riblt_n100000_sim80_t1,1,2.290149415,rbf_riblt,1,0.8,sweep_rbf_riblt_n100000_sim80_t1
sweep_rbf_riblt_n100000_sim80_t1,1,2.485067075,rbf_riblt,1,0.8,sweep_rbf_riblt_n100000_sim80_t1
sweep_rbf_riblt_n100000_sim80_t2,1,2.251262503,rbf_riblt,2,0.8,sweep_rbf_riblt_n100000_sim80_t2
sweep_rbf_riblt_n100000_sim80_t2,1,2.378144418,rbf_riblt,2,0.8,sweep_rbf_riblt_n100000_sim80_t2
sweep_rbf_riblt_n100000_sim80_t3,1,2.451740453,rbf_riblt,3,0.8,sweep_rbf_riblt_n100000_sim80_t3
sweep_rbf_riblt_n100000_sim80_t3,1,2.372505169,rbf_riblt,3,0.8,sweep_rbf_riblt_n100000_sim80_t3
sweep_rbf_riblt_n100000_sim80_t4,1,2.42962781,rbf_riblt,4,0.8,sweep_rbf_riblt_n100000_sim80_t4
sweep_rbf_riblt_n100000_sim80_t4,1,2.268925112,rbf_riblt,4,0.8,sweep_rbf_riblt_n100000_sim80_t4
sweep_rbf_riblt_n100000_sim80_t5,1,2.375390411,rbf_riblt,5,0.8,sweep_rbf_riblt_n100000_sim80_t5
sweep_rbf_riblt_n100000_sim80_t5,1,2.281964564,rbf_riblt,5,0.8,sweep_rbf_riblt_n100000_sim80_t5
sweep_riblt_n100000_sim85_t1,1,2.47711314,riblt,1,0.85,sweep_riblt_n100000_sim85_t1
sweep_riblt_n100000_sim85_t1,1,2.500539932,riblt,1,0.85,sweep_riblt_n100000_sim85_t1
sweep_riblt_n100000_sim85_t2,1,2.572801583,riblt,2,0.85,sweep_riblt_n100000_sim85_t2
sweep_riblt_n100000_sim85_t2,1,2.723996232,riblt,2,0.85,sweep_riblt_n100000_sim85_t2
sweep_riblt_n100000_sim85_t3,1,2.041093609,riblt,3,0.85,sweep_riblt_n100000_sim85_t3
sweep_riblt_n100000_sim85_t3,1,2.121206242,riblt,3,0.85,sweep_riblt_n100000_sim85_t3
sweep_riblt_n100000_sim85_t4,1,2.148744953,riblt,4,0.85,sweep_riblt_n100000_sim85_t4
sweep_riblt_n100000_sim85_t4,1,2.237618617,riblt,4,0.85,sweep_riblt_n100000_sim85_t4
sweep_riblt_n100000_sim85_t5,1,2.200520406,riblt,5,0.85,sweep_riblt_n100000_sim85_t5
sweep_riblt_n100000_sim85_t5,1,2.290134319,riblt,5,0.85,sweep_riblt_n100000_sim85_t5
sweep_merkle_n100000_sim85_t1,1,0.708825291,merkle,1,0.85,sweep_merkle_n100000_sim85_t1
sweep_merkle_n100000_sim85_t1,1,0.733567685,merkle,1,0.85,sweep_merkle_n100000_sim85_t1
sweep_merkle_n100000_sim85_t2,1,0.577726075,merkle,2,0.85,sweep_merkle_n100000_sim85_t2
sweep_merkle_n100000_sim85_t2,1,0.61736764,merkle,2,0.85,sweep_merkle_n100000_sim85_t2
sweep_merkle_n100000_sim85_t3,1,0.612056144,merkle,3,0.85,sweep_merkle_n100000_sim85_t3
sweep_merkle_n100000_sim85_t3,1,0.621480666,merkle,3,0.85,sweep_merkle_n100000_sim85_t3
sweep_merkle_n100000_sim85_t4,1,0.620799367,merkle,4,0.85,sweep_merkle_n100000_sim85_t4
sweep_merkle_n100000_sim85_t4,1,0.592636147,merkle,4,0.85,sweep_merkle_n100000_sim85_t4
sweep_merkle_n100000_sim85_t5,1,0.599682717,merkle,5,0.85,sweep_merkle_n100000_sim85_t5
sweep_merkle_n100000_sim85_t5,1,0.589715387,merkle,5,0.85,sweep_merkle_n100000_sim85_t5
sweep_rbf_riblt_n100000_sim85_t1,1,2.669613664,rbf_riblt,1,0.85,sweep_rbf_riblt_n100000_sim85_t1
sweep_rbf_riblt_n100000_sim85_t1,1,2.577562777,rbf_riblt,1,0.85,sweep_rbf_riblt_n100000_sim85_t1
sweep_rbf_riblt_n100000_sim85_t2,1,2.459362137,rbf_riblt,2,0.85,sweep_rbf_riblt_n100000_sim85_t2
sweep_rbf_riblt_n100000_sim85_t2,1,2.367311388,rbf_riblt,2,0.85,sweep_rbf_riblt_n100000_sim85_t2
sweep_rbf_riblt_n100000_sim85_t3,1,2.716317958,rbf_riblt,3,0.85,sweep_rbf_riblt_n100000_sim85_t3
sweep_rbf_riblt_n100000_sim85_t3,1,2.907051444,rbf_riblt,3,0.85,sweep_rbf_riblt_n100000_sim85_t3
sweep_rbf_riblt_n100000_sim85_t4,1,2.492299525,rbf_riblt,4,0.85,sweep_rbf_riblt_n100000_sim85_t4
sweep_rbf_riblt_n100000_sim85_t4,1,2.383725514,rbf_riblt,4,0.85,sweep_rbf_riblt_n100000_sim85_t4
sweep_rbf_riblt_n100000_sim85_t5,1,2.770916694,rbf_riblt,5,0.85,sweep_rbf_riblt_n100000_sim85_t5
sweep_rbf_riblt_n100000_sim85_t5,1,2.699643868,rbf_riblt,5,0.85,sweep_rbf_riblt_n100000_sim85_t5
sweep_riblt_n100000_sim90_t1,1,2.080339097,riblt,1,0.9,sweep_riblt_n100000_sim90_t1
sweep_riblt_n100000_sim90_t1,1,2.14218747,riblt,1,0.9,sweep_riblt_n100000_sim90_t1
sweep_riblt_n100000_sim90_t2,1,2.070084031,riblt,2,0.9,sweep_riblt_n100000_sim90_t2
sweep_riblt_n100000_sim90_t2,1,2.136692158,riblt,2,0.9,sweep_riblt_n100000_sim90_t2
sweep_riblt_n100000_sim90_t3,1,2.130577074,riblt,3,0.9,sweep_riblt_n100000_sim90_t3
sweep_riblt_n100000_sim90_t3,1,2.137683355,riblt,3,0.9,sweep_riblt_n100000_sim90_t3
sweep_riblt_n100000_sim90_t4,1,2.033970585,riblt,4,0.9,sweep_riblt_n100000_sim90_t4
sweep_riblt_n100000_sim90_t4,1,2.096909601,riblt,4,0.9,sweep_riblt_n100000_sim90_t4
sweep_riblt_n100000_sim90_t5,1,1.905342842,riblt,5,0.9,sweep_riblt_n100000_sim90_t5
sweep_riblt_n100000_sim90_t5,1,1.936899022,riblt,5,0.9,sweep_riblt_n100000_sim90_t5
sweep_merkle_n100000_sim90_t1,1,0.700592239,merkle,1,0.9,sweep_merkle_n100000_sim90_t1
sweep_merkle_n100000_sim90_t1,1,0.735566593,merkle,1,0.9,sweep_merkle_n100000_sim90_t1
sweep_merkle_n100000_sim90_t2,1,0.652700044,merkle,2,0.9,sweep_merkle_n100000_sim90_t2
sweep_merkle_n100000_sim90_t2,1,0.700517861,merkle,2,0.9,sweep_merkle_n100000_sim90_t2
sweep_merkle_n100000_sim90_t3,1,0.600637833,merkle,3,0.9,sweep_merkle_n100000_sim90_t3
sweep_merkle_n100000_sim90_t3,1,0.66791134,merkle,3,0.9,sweep_merkle_n100000_sim90_t3
sweep_merkle_n100000_sim90_t4,1,0.602942807,merkle,4,0.9,sweep_merkle_n100000_sim90_t4
sweep_merkle_n100000_sim90_t4,1,0.618012043,merkle,4,0.9,sweep_merkle_n100000_sim90_t4
sweep_merkle_n100000_sim90_t5,1,0.574374786,merkle,5,0.9,sweep_merkle_n100000_sim90_t5
sweep_merkle_n100000_sim90_t5,1,0.622904777,merkle,5,0.9,sweep_merkle_n100000_sim90_t5
sweep_rbf_riblt_n100000_sim90_t1,1,2.366418124,rbf_riblt,1,0.9,sweep_rbf_riblt_n100000_sim90_t1
sweep_rbf_riblt_n100000_sim90_t1,1,2.54060992,rbf_riblt,1,0.9,sweep_rbf_riblt_n100000_sim90_t1
sweep_rbf_riblt_n100000_sim90_t2,1,2.590058824,rbf_riblt,2,0.9,sweep_rbf_riblt_n100000_sim90_t2
sweep_rbf_riblt_n100000_sim90_t2,1,2.512189973,rbf_riblt,2,0.9,sweep_rbf_riblt_n100000_sim90_t2
sweep_rbf_riblt_n100000_sim90_t3,1,2.730234569,rbf_riblt,3,0.9,sweep_rbf_riblt_n100000_sim90_t3
sweep_rbf_riblt_n100000_sim90_t3,1,2.655411008,rbf_riblt,3,0.9,sweep_rbf_riblt_n100000_sim90_t3
sweep_rbf_riblt_n100000_sim90_t4,1,2.339674804,rbf_riblt,4,0.9,sweep_rbf_riblt_n100000_sim90_t4
sweep_rbf_riblt_n100000_sim90_t4,1,2.223596061,rbf_riblt,4,0.9,sweep_rbf_riblt_n100000_sim90_t4
sweep_rbf_riblt_n100000_sim90_t5,1,3.370977616,rbf_riblt,5,0.9,sweep_rbf_riblt_n100000_sim90_t5
sweep_rbf_riblt_n100000_sim90_t5,1,3.214012801,rbf_riblt,5,0.9,sweep_rbf_riblt_n100000_sim90_t5
sweep_riblt_n100000_sim95_t1,1,1.708646163,riblt,1,0.95,sweep_riblt_n100000_sim95_t1
sweep_riblt_n100000_sim95_t1,1,1.703598733,riblt,1,0.95,sweep_riblt_n100000_sim95_t1
sweep_riblt_n100000_sim95_t2,1,1.61277698,riblt,2,0.95,sweep_riblt_n100000_sim95_t2
sweep_riblt_n100000_sim95_t2,1,1.609545842,riblt,2,0.95,sweep_riblt_n100000_sim95_t2
sweep_riblt_n100000_sim95_t3,1,1.5638583270000002,riblt,3,0.95,sweep_riblt_n100000_sim95_t3
sweep_riblt_n100000_sim95_t3,1,1.677068971,riblt,3,0.95,sweep_riblt_n100000_sim95_t3
sweep_riblt_n100000_sim95_t4,1,1.5389117209999998,riblt,4,0.95,sweep_riblt_n100000_sim95_t4
sweep_riblt_n100000_sim95_t4,1,1.602067667,riblt,4,0.95,sweep_riblt_n100000_sim95_t4
sweep_riblt_n100000_sim95_t5,1,1.621670447,riblt,5,0.95,sweep_riblt_n100000_sim95_t5
sweep_riblt_n100000_sim95_t5,1,1.646506571,riblt,5,0.95,sweep_riblt_n100000_sim95_t5
sweep_merkle_n100000_sim95_t1,1,0.550413868,merkle,1,0.95,sweep_merkle_n100000_sim95_t1
sweep_merkle_n100000_sim95_t1,1,0.53779669,merkle,1,0.95,sweep_merkle_n100000_sim95_t1
sweep_merkle_n100000_sim95_t2,1,0.552013306,merkle,2,0.95,sweep_merkle_n100000_sim95_t2
sweep_merkle_n100000_sim95_t2,1,0.569012677,merkle,2,0.95,sweep_merkle_n100000_sim95_t2
sweep_merkle_n100000_sim95_t3,1,0.557656134,merkle,3,0.95,sweep_merkle_n100000_sim95_t3
sweep_merkle_n100000_sim95_t3,1,0.579959114,merkle,3,0.95,sweep_merkle_n100000_sim95_t3
sweep_merkle_n100000_sim95_t4,1,0.552607379,merkle,4,0.95,sweep_merkle_n100000_sim95_t4
sweep_merkle_n100000_sim95_t4,1,0.578524505,merkle,4,0.95,sweep_merkle_n100000_sim95_t4
sweep_merkle_n100000_sim95_t5,1,0.547114641,merkle,5,0.95,sweep_merkle_n100000_sim95_t5
sweep_merkle_n100000_sim95_t5,1,0.564346025,merkle,5,0.95,sweep_merkle_n100000_sim95_t5
sweep_rbf_riblt_n100000_sim95_t1,1,2.018482457,rbf_riblt,1,0.95,sweep_rbf_riblt_n100000_sim95_t1
sweep_rbf_riblt_n100000_sim95_t1,1,2.210354725,rbf_riblt,1,0.95,sweep_rbf_riblt_n100000_sim95_t1
sweep_rbf_riblt_n100000_sim95_t2,1,2.187700939,rbf_riblt,2,0.95,sweep_rbf_riblt_n100000_sim95_t2
sweep_rbf_riblt_n100000_sim95_t2,1,2.356247962,rbf_riblt,2,0.95,sweep_rbf_riblt_n100000_sim95_t2
sweep_rbf_riblt_n100000_sim95_t3,1,2.323269678,rbf_riblt,3,0.95,sweep_rbf_riblt_n100000_sim95_t3
sweep_rbf_riblt_n100000_sim95_t3,1,2.255242369,rbf_riblt,3,0.95,sweep_rbf_riblt_n100000_sim95_t3
sweep_rbf_riblt_n100000_sim95_t4,1,2.221977386,rbf_riblt,4,0.95,sweep_rbf_riblt_n100000_sim95_t4
sweep_rbf_riblt_n100000_sim95_t4,1,2.091166104,rbf_riblt,4,0.95,sweep_rbf_riblt_n100000_sim95_t4
sweep_rbf_riblt_n100000_sim95_t5,1,2.166502241,rbf_riblt,5,0.95,sweep_rbf_riblt_n100000_sim95_t5
sweep_rbf_riblt_n100000_sim95_t5,1,2.054504597,rbf_riblt,5,0.95,sweep_rbf_riblt_n100000_sim95_t5
sweep_riblt_n100000_sim97_t1,1,1.537034859,riblt,1,0.97,sweep_riblt_n100000_sim97_t1
sweep_riblt_n100000_sim97_t1,1,1.54079742,riblt,1,0.97,sweep_riblt_n100000_sim97_t1
sweep_riblt_n100000_sim97_t2,1,1.848234904,riblt,2,0.97,sweep_riblt_n100000_sim97_t2
sweep_riblt_n100000_sim97_t2,1,1.900677058,riblt,2,0.97,sweep_riblt_n100000_sim97_t2
sweep_riblt_n100000_sim97_t3,1,1.607025346,riblt,3,0.97,sweep_riblt_n100000_sim97_t3
sweep_riblt_n100000_sim97_t3,1,1.64524865,riblt,3,0.97,sweep_riblt_n100000_sim97_t3
sweep_riblt_n100000_sim97_t4,1,1.406422776,riblt,4,0.97,sweep_riblt_n100000_sim97_t4
sweep_riblt_n100000_sim97_t4,1,1.417961675,riblt,4,0.97,sweep_riblt_n100000_sim97_t4
sweep_riblt_n100000_sim97_t5,1,1.666369646,riblt,5,0.97,sweep_riblt_n100000_sim97_t5
sweep_riblt_n100000_sim97_t5,1,1.697833081,riblt,5,0.97,sweep_riblt_n100000_sim97_t5
sweep_merkle_n100000_sim97_t1,1,0.544141375,merkle,1,0.97,sweep_merkle_n100000_sim97_t1
sweep_merkle_n100000_sim97_t1,1,0.625150296,merkle,1,0.97,sweep_merkle_n100000_sim97_t1
sweep_merkle_n100000_sim97_t2,1,0.49628584,merkle,2,0.97,sweep_merkle_n100000_sim97_t2
sweep_merkle_n100000_sim97_t2,1,0.51757221,merkle,2,0.97,sweep_merkle_n100000_sim97_t2
sweep_merkle_n100000_sim97_t3,1,0.493025789,merkle,3,0.97,sweep_merkle_n100000_sim97_t3
sweep_merkle_n100000_sim97_t3,1,0.55368987,merkle,3,0.97,sweep_merkle_n100000_sim97_t3
sweep_merkle_n100000_sim97_t4,1,0.500177538,merkle,4,0.97,sweep_merkle_n100000_sim97_t4
sweep_merkle_n100000_sim97_t4,1,0.513907429,merkle,4,0.97,sweep_merkle_n100000_sim97_t4
sweep_merkle_n100000_sim97_t5,1,0.541955277,merkle,5,0.97,sweep_merkle_n100000_sim97_t5
sweep_merkle_n100000_sim97_t5,1,0.541351429,merkle,5,0.97,sweep_merkle_n100000_sim97_t5
sweep_rbf_riblt_n100000_sim97_t1,1,2.04460486,rbf_riblt,1,0.97,sweep_rbf_riblt_n100000_sim97_t1
sweep_rbf_riblt_n100000_sim97_t1,1,2.162012064,rbf_riblt,1,0.97,sweep_rbf_riblt_n100000_sim97_t1
sweep_rbf_riblt_n100000_sim97_t2,1,2.310778995,rbf_riblt,2,0.97,sweep_rbf_riblt_n100000_sim97_t2
sweep_rbf_riblt_n100000_sim97_t2,1,2.20809259,rbf_riblt,2,0.97,sweep_rbf_riblt_n100000_sim97_t2
sweep_rbf_riblt_n100000_sim97_t3,1,1.954501702,rbf_riblt,3,0.97,sweep_rbf_riblt_n100000_sim97_t3
sweep_rbf_riblt_n100000_sim97_t3,1,2.092244598,rbf_riblt,3,0.97,sweep_rbf_riblt_n100000_sim97_t3
sweep_rbf_riblt_n100000_sim97_t4,1,2.149004208,rbf_riblt,4,0.97,sweep_rbf_riblt_n100000_sim97_t4
sweep_rbf_riblt_n100000_sim97_t4,1,2.08540267,rbf_riblt,4,0.97,sweep_rbf_riblt_n100000_sim97_t4
sweep_rbf_riblt_n100000_sim97_t5,1,1.993773754,rbf_riblt,5,0.97,sweep_rbf_riblt_n100000_sim97_t5
sweep_rbf_riblt_n100000_sim97_t5,1,2.127243899,rbf_riblt,5,0.97,sweep_rbf_riblt_n100000_sim97_t5
sweep_riblt_n100000_sim99_t1,1,1.200784328,riblt,1,0.99,sweep_riblt_n100000_sim99_t1
sweep_riblt_n100000_sim99_t1,1,1.270032466,riblt,1,0.99,sweep_riblt_n100000_sim99_t1
sweep_riblt_n100000_sim99_t2,1,1.248205246,riblt,2,0.99,sweep_riblt_n100000_sim99_t2
sweep_riblt_n100000_sim99_t2,1,1.291938472,riblt,2,0.99,sweep_riblt_n100000_sim99_t2
sweep_riblt_n100000_sim99_t3,1,1.192742387,riblt,3,0.99,sweep_riblt_n100000_sim99_t3
sweep_riblt_n100000_sim99_t3,1,1.196049792,riblt,3,0.99,sweep_riblt_n100000_sim99_t3
sweep_riblt_n100000_sim99_t4,1,1.218076274,riblt,4,0.99,sweep_riblt_n100000_sim99_t4
sweep_riblt_n100000_sim99_t4,1,1.243002214,riblt,4,0.99,sweep_riblt_n100000_sim99_t4
sweep_riblt_n100000_sim99_t5,1,1.222218006,riblt,5,0.99,sweep_riblt_n100000_sim99_t5
sweep_riblt_n100000_sim99_t5,1,1.314916687,riblt,5,0.99,sweep_riblt_n100000_sim99_t5
sweep_merkle_n100000_sim99_t1,1,0.557388263,merkle,1,0.99,sweep_merkle_n100000_sim99_t1
sweep_merkle_n100000_sim99_t1,1,0.539844338,merkle,1,0.99,sweep_merkle_n100000_sim99_t1
sweep_merkle_n100000_sim99_t2,1,0.479164471,merkle,2,0.99,sweep_merkle_n100000_sim99_t2
sweep_merkle_n100000_sim99_t2,1,0.484778943,merkle,2,0.99,sweep_merkle_n100000_sim99_t2
sweep_merkle_n100000_sim99_t3,1,0.497136314,merkle,3,0.99,sweep_merkle_n100000_sim99_t3
sweep_merkle_n100000_sim99_t3,1,0.506238731,merkle,3,0.99,sweep_merkle_n100000_sim99_t3
sweep_merkle_n100000_sim99_t4,1,0.536709235,merkle,4,0.99,sweep_merkle_n100000_sim99_t4
sweep_merkle_n100000_sim99_t4,1,0.564719018,merkle,4,0.99,sweep_merkle_n100000_sim99_t4
sweep_merkle_n100000_sim99_t5,1,0.493308734,merkle,5,0.99,sweep_merkle_n100000_sim99_t5
sweep_merkle_n100000_sim99_t5,1,0.571193657,merkle,5,0.99,sweep_merkle_n100000_sim99_t5
sweep_rbf_riblt_n100000_sim99_t1,1,1.752768998,rbf_riblt,1,0.99,sweep_rbf_riblt_n100000_sim99_t1
sweep_rbf_riblt_n100000_sim99_t1,1,1.877488032,rbf_riblt,1,0.99,sweep_rbf_riblt_n100000_sim99_t1
sweep_rbf_riblt_n100000_sim99_t2,1,1.898424223,rbf_riblt,2,0.99,sweep_rbf_riblt_n100000_sim99_t2
sweep_rbf_riblt_n100000_sim99_t2,1,2.043758173,rbf_riblt,2,0.99,sweep_rbf_riblt_n100000_sim99_t2
sweep_rbf_riblt_n100000_sim99_t3,1,2.020189253,rbf_riblt,3,0.99,sweep_rbf_riblt_n100000_sim99_t3
sweep_rbf_riblt_n100000_sim99_t3,1,2.155392793,rbf_riblt,3,0.99,sweep_rbf_riblt_n100000_sim99_t3
sweep_rbf_riblt_n100000_sim99_t4,1,1.820415408,rbf_riblt,4,0.99,sweep_rbf_riblt_n100000_sim99_t4
sweep_rbf_riblt_n100000_sim99_t4,1,1.996672922,rbf_riblt,4,0.99,sweep_rbf_riblt_n100000_sim99_t4
sweep_rbf_riblt_n100000_sim99_t5,1,1.87312108,rbf_riblt,5,0.99,sweep_rbf_riblt_n100000_sim99_t5
sweep_rbf_riblt_n100000_sim99_t5,1,1.787351701,rbf_riblt,5,0.99,sweep_rbf_riblt_n100000_sim99_t5
sweep_riblt_n100000_sim100_t1,1,0.621535205,riblt,1,1,sweep_riblt_n100000_sim100_t1
sweep_riblt_n100000_sim100_t1,1,0.64050061,riblt,1,1,sweep_riblt_n100000_sim100_t1
sweep_riblt_n100000_sim100_t2,1,0.594225929,riblt,2,1,sweep_riblt_n100000_sim100_t2
sweep_riblt_n100000_sim100_t2,1,0.607108227,riblt,2,1,sweep_riblt_n100000_sim100_t2
sweep_riblt_n100000_sim100_t3,1,0.602443109,riblt,3,1,sweep_riblt_n100000_sim100_t3
sweep_riblt_n100000_sim100_t3,1,0.613449469,riblt,3,1,sweep_riblt_n100000_sim100_t3
sweep_riblt_n100000_sim100_t4,1,0.592842725,riblt,4,1,sweep_riblt_n100000_sim100_t4
sweep_riblt_n100000_sim100_t4,1,0.609235735,riblt,4,1,sweep_riblt_n100000_sim100_t4
sweep_riblt_n100000_sim100_t5,1,0.648578459,riblt,5,1,sweep_riblt_n100000_sim100_t5
sweep_riblt_n100000_sim100_t5,1,0.663525405,riblt,5,1,sweep_riblt_n100000_sim100_t5
sweep_merkle_n100000_sim100_t1,1,0.0,merkle,1,1,sweep_merkle_n100000_sim100_t1
sweep_merkle_n100000_sim100_t1,1,0.0,merkle,1,1,sweep_merkle_n100000_sim100_t1
sweep_merkle_n100000_sim100_t2,1,0.0,merkle,2,1,sweep_merkle_n100000_sim100_t2
sweep_merkle_n100000_sim100_t2,1,0.0,merkle,2,1,sweep_merkle_n100000_sim100_t2
sweep_merkle_n100000_sim100_t3,1,0.0,merkle,3,1,sweep_merkle_n100000_sim100_t3
sweep_merkle_n100000_sim100_t3,1,0.0,merkle,3,1,sweep_merkle_n100000_sim100_t3
sweep_merkle_n100000_sim100_t4,1,0.0,merkle,4,1,sweep_merkle_n100000_sim100_t4
sweep_merkle_n100000_sim100_t4,1,0.0,merkle,4,1,sweep_merkle_n100000_sim100_t4
sweep_merkle_n100000_sim100_t5,1,0.0,merkle,5,1,sweep_merkle_n100000_sim100_t5
sweep_merkle_n100000_sim100_t5,1,0.0,merkle,5,1,sweep_merkle_n100000_sim100_t5
sweep_rbf_riblt_n100000_sim100_t1,1,1.591628394,rbf_riblt,1,1,sweep_rbf_riblt_n100000_sim100_t1
sweep_rbf_riblt_n100000_sim100_t1,1,1.507216659,rbf_riblt,1,1,sweep_rbf_riblt_n100000_sim100_t1
sweep_rbf_riblt_n100000_sim100_t2,1,1.453777798,rbf_riblt,2,1,sweep_rbf_riblt_n100000_sim100_t2
sweep_rbf_riblt_n100000_sim100_t2,1,1.574994853,rbf_riblt,2,1,sweep_rbf_riblt_n100000_sim100_t2
sweep_rbf_riblt_n100000_sim100_t3,1,1.541072376,rbf_riblt,3,1,sweep_rbf_riblt_n100000_sim100_t3
sweep_rbf_riblt_n100000_sim100_t3,1,1.475384465,rbf_riblt,3,1,sweep_rbf_riblt_n100000_sim100_t3
sweep_rbf_riblt_n100000_sim100_t4,1,1.464929853,rbf_riblt,4,1,sweep_rbf_riblt_n100000_sim100_t4
sweep_rbf_riblt_n100000_sim100_t4,1,1.544556551,rbf_riblt,4,1,sweep_rbf_riblt_n100000_sim100_t4
sweep_rbf_riblt_n100000_sim100_t5,1,1.614916428,rbf_riblt,5,1,sweep_rbf_riblt_n100000_sim100_t5
sweep_rbf_riblt_n100000_sim100_t5,1,1.5326961730000002,rbf_riblt,5,1,sweep_rbf_riblt_n100000_sim100_t5
