run_dir,iteration,timestamp,round_trips,protocol,trial,similarity,run_id,similarity_numeric
sweep_riblt_n100000_sim00_t1,1,8042,9969,riblt,1,0,sweep_riblt_n100000_sim00_t1,0.0
sweep_riblt_n100000_sim00_t1,1,8046,10001,riblt,1,0,sweep_riblt_n100000_sim00_t1,0.0
sweep_riblt_n100000_sim00_t2,1,7938,9904,riblt,2,0,sweep_riblt_n100000_sim00_t2,0.0
sweep_riblt_n100000_sim00_t2,1,7955,9909,riblt,2,0,sweep_riblt_n100000_sim00_t2,0.0
sweep_riblt_n100000_sim00_t3,1,7767,9965,riblt,3,0,sweep_riblt_n100000_sim00_t3,0.0
sweep_riblt_n100000_sim00_t3,1,7792,10136,riblt,3,0,sweep_riblt_n100000_sim00_t3,0.0
sweep_riblt_n100000_sim00_t4,1,8072,10150,riblt,4,0,sweep_riblt_n100000_sim00_t4,0.0
sweep_riblt_n100000_sim00_t4,1,8093,10171,riblt,4,0,sweep_riblt_n100000_sim00_t4,0.0
sweep_riblt_n100000_sim00_t5,1,7759,10126,riblt,5,0,sweep_riblt_n100000_sim00_t5,0.0
sweep_riblt_n100000_sim00_t5,1,7764,10054,riblt,5,0,sweep_riblt_n100000_sim00_t5,0.0
sweep_merkle_n100000_sim00_t1,1,4335,315,merkle,1,0,sweep_merkle_n100000_sim00_t1,0.0
sweep_merkle_n100000_sim00_t1,1,4366,315,merkle,1,0,sweep_merkle_n100000_sim00_t1,0.0
sweep_merkle_n100000_sim00_t2,1,4252,315,merkle,2,0,sweep_merkle_n100000_sim00_t2,0.0
sweep_merkle_n100000_sim00_t2,1,4312,315,merkle,2,0,sweep_merkle_n100000_sim00_t2,0.0
sweep_merkle_n100000_sim00_t3,1,4343,315,merkle,3,0,sweep_merkle_n100000_sim00_t3,0.0
sweep_merkle_n100000_sim00_t3,1,4371,315,merkle,3,0,sweep_merkle_n100000_sim00_t3,0.0
sweep_merkle_n100000_sim00_t4,1,4360,315,merkle,4,0,sweep_merkle_n100000_sim00_t4,0.0
sweep_merkle_n100000_sim00_t4,1,4516,315,merkle,4,0,sweep_merkle_n100000_sim00_t4,0.0
sweep_merkle_n100000_sim00_t5,1,4150,315,merkle,5,0,sweep_merkle_n100000_sim00_t5,0.0
sweep_merkle_n100000_sim00_t5,1,4242,315,merkle,5,0,sweep_merkle_n100000_sim00_t5,0.0
sweep_rbf_riblt_n100000_sim00_t1,1,2991,260,rbf_riblt,1,0,sweep_rbf_riblt_n100000_sim00_t1,0.0
sweep_rbf_riblt_n100000_sim00_t1,1,3058,43,rbf_riblt,1,0,sweep_rbf_riblt_n100000_sim00_t1,0.0
sweep_rbf_riblt_n100000_sim00_t2,1,3020,242,rbf_riblt,2,0,sweep_rbf_riblt_n100000_sim00_t2,0.0
sweep_rbf_riblt_n100000_sim00_t2,1,3144,44,rbf_riblt,2,0,sweep_rbf_riblt_n100000_sim00_t2,0.0
sweep_rbf_riblt_n100000_sim00_t3,1,2967,239,rbf_riblt,3,0,sweep_rbf_riblt_n100000_sim00_t3,0.0
sweep_rbf_riblt_n100000_sim00_t3,1,3069,44,rbf_riblt,3,0,sweep_rbf_riblt_n100000_sim00_t3,0.0
sweep_rbf_riblt_n100000_sim00_t4,1,2985,247,rbf_riblt,4,0,sweep_rbf_riblt_n100000_sim00_t4,0.0
sweep_rbf_riblt_n100000_sim00_t4,1,3211,44,rbf_riblt,4,0,sweep_rbf_riblt_n100000_sim00_t4,0.0
sweep_rbf_riblt_n100000_sim00_t5,1,3121,235,rbf_riblt,5,0,sweep_rbf_riblt_n100000_sim00_t5,0.0
sweep_rbf_riblt_n100000_sim00_t5,1,3374,44,rbf_riblt,5,0,sweep_rbf_riblt_n100000_sim00_t5,0.0
sweep_riblt_n100000_sim05_t1,1,7682,9102,riblt,1,0.05,sweep_riblt_n100000_sim05_t1,0.05
sweep_riblt_n100000_sim05_t1,1,7828,9035,riblt,1,0.05,sweep_riblt_n100000_sim05_t1,0.05
sweep_riblt_n100000_sim05_t2,1,7646,8973,riblt,2,0.05,sweep_riblt_n100000_sim05_t2,0.05
sweep_riblt_n100000_sim05_t2,1,7651,8931,riblt,2,0.05,sweep_riblt_n100000_sim05_t2,0.05
sweep_riblt_n100000_sim05_t3,1,7442,8984,riblt,3,0.05,sweep_riblt_n100000_sim05_t3,0.05
sweep_riblt_n100000_sim05_t3,1,7447,9010,riblt,3,0.05,sweep_riblt_n100000_sim05_t3,0.05
sweep_riblt_n100000_sim05_t4,1,7850,9106,riblt,4,0.05,sweep_riblt_n100000_sim05_t4,0.05
sweep_riblt_n100000_sim05_t4,1,7855,9146,riblt,4,0.05,sweep_riblt_n100000_sim05_t4,0.05
sweep_riblt_n100000_sim05_t5,1,7608,8954,riblt,5,0.05,sweep_riblt_n100000_sim05_t5,0.05
sweep_riblt_n100000_sim05_t5,1,7809,8931,riblt,5,0.05,sweep_riblt_n100000_sim05_t5,0.05
sweep_merkle_n100000_sim05_t1,1,4186,293,merkle,1,0.05,sweep_merkle_n100000_sim05_t1,0.05
sweep_merkle_n100000_sim05_t1,1,4205,293,merkle,1,0.05,sweep_merkle_n100000_sim05_t1,0.05
sweep_merkle_n100000_sim05_t2,1,4412,293,merkle,2,0.05,sweep_merkle_n100000_sim05_t2,0.05
sweep_merkle_n100000_sim05_t2,1,4463,293,merkle,2,0.05,sweep_merkle_n100000_sim05_t2,0.05
sweep_merkle_n100000_sim05_t3,1,4022,293,merkle,3,0.05,sweep_merkle_n100000_sim05_t3,0.05
sweep_merkle_n100000_sim05_t3,1,4055,293,merkle,3,0.05,sweep_merkle_n100000_sim05_t3,0.05
sweep_merkle_n100000_sim05_t4,1,3897,293,merkle,4,0.05,sweep_merkle_n100000_sim05_t4,0.05
sweep_merkle_n100000_sim05_t4,1,4001,293,merkle,4,0.05,sweep_merkle_n100000_sim05_t4,0.05
sweep_merkle_n100000_sim05_t5,1,3998,293,merkle,5,0.05,sweep_merkle_n100000_sim05_t5,0.05
sweep_merkle_n100000_sim05_t5,1,4013,293,merkle,5,0.05,sweep_merkle_n100000_sim05_t5,0.05
sweep_rbf_riblt_n100000_sim05_t1,1,3699,242,rbf_riblt,1,0.05,sweep_rbf_riblt_n100000_sim05_t1,0.05
sweep_rbf_riblt_n100000_sim05_t1,1,3705,42,rbf_riblt,1,0.05,sweep_rbf_riblt_n100000_sim05_t1,0.05
sweep_rbf_riblt_n100000_sim05_t2,1,3490,243,rbf_riblt,2,0.05,sweep_rbf_riblt_n100000_sim05_t2,0.05
sweep_rbf_riblt_n100000_sim05_t2,1,3687,46,rbf_riblt,2,0.05,sweep_rbf_riblt_n100000_sim05_t2,0.05
sweep_rbf_riblt_n100000_sim05_t3,1,3199,235,rbf_riblt,3,0.05,sweep_rbf_riblt_n100000_sim05_t3,0.05
sweep_rbf_riblt_n100000_sim05_t3,1,3330,46,rbf_riblt,3,0.05,sweep_rbf_riblt_n100000_sim05_t3,0.05
sweep_rbf_riblt_n100000_sim05_t4,1,3183,240,rbf_riblt,4,0.05,sweep_rbf_riblt_n100000_sim05_t4,0.05
sweep_rbf_riblt_n100000_sim05_t4,1,3240,43,rbf_riblt,4,0.05,sweep_rbf_riblt_n100000_sim05_t4,0.05
sweep_rbf_riblt_n100000_sim05_t5,1,3093,234,rbf_riblt,5,0.05,sweep_rbf_riblt_n100000_sim05_t5,0.05
sweep_rbf_riblt_n100000_sim05_t5,1,3201,43,rbf_riblt,5,0.05,sweep_rbf_riblt_n100000_sim05_t5,0.05
sweep_riblt_n100000_sim10_t1,1,6561,8345,riblt,1,0.1,sweep_riblt_n100000_sim10_t1,0.1
sweep_riblt_n100000_sim10_t1,1,6565,8431,riblt,1,0.1,sweep_riblt_n100000_sim10_t1,0.1
sweep_riblt_n100000_sim10_t2,1,6483,8331,riblt,2,0.1,sweep_riblt_n100000_sim10_t2,0.1
sweep_riblt_n100000_sim10_t2,1,6488,8473,riblt,2,0.1,sweep_riblt_n100000_sim10_t2,0.1
sweep_riblt_n100000_sim10_t3,1,7885,8290,riblt,3,0.1,sweep_riblt_n100000_sim10_t3,0.1
sweep_riblt_n100000_sim10_t3,1,7890,8012,riblt,3,0.1,sweep_riblt_n100000_sim10_t3,0.1
sweep_riblt_n100000_sim10_t4,1,8945,8083,riblt,4,0.1,sweep_riblt_n100000_sim10_t4,0.1
sweep_riblt_n100000_sim10_t4,1,8977,7923,riblt,4,0.1,sweep_riblt_n100000_sim10_t4,0.1
sweep_riblt_n100000_sim10_t5,1,7731,8191,riblt,5,0.1,sweep_riblt_n100000_sim10_t5,0.1
sweep_riblt_n100000_sim10_t5,1,7735,8322,riblt,5,0.1,sweep_riblt_n100000_sim10_t5,0.1
sweep_merkle_n100000_sim10_t1,1,3735,269,merkle,1,0.1,sweep_merkle_n100000_sim10_t1,0.1
sweep_merkle_n100000_sim10_t1,1,3851,269,merkle,1,0.1,sweep_merkle_n100000_sim10_t1,0.1
sweep_merkle_n100000_sim10_t2,1,3847,269,merkle,2,0.1,sweep_merkle_n100000_sim10_t2,0.1
sweep_merkle_n100000_sim10_t2,1,3917,269,merkle,2,0.1,sweep_merkle_n100000_sim10_t2,0.1
sweep_merkle_n100000_sim10_t3,1,3975,269,merkle,3,0.1,sweep_merkle_n100000_sim10_t3,0.1
sweep_merkle_n100000_sim10_t3,1,4031,269,merkle,3,0.1,sweep_merkle_n100000_sim10_t3,0.1
sweep_merkle_n100000_sim10_t4,1,4169,269,merkle,4,0.1,sweep_merkle_n100000_sim10_t4,0.1
sweep_merkle_n100000_sim10_t4,1,4199,269,merkle,4,0.1,sweep_merkle_n100000_sim10_t4,0.1
sweep_merkle_n100000_sim10_t5,1,4145,269,merkle,5,0.1,sweep_merkle_n100000_sim10_t5,0.1
sweep_merkle_n100000_sim10_t5,1,4282,269,merkle,5,0.1,sweep_merkle_n100000_sim10_t5,0.1
sweep_rbf_riblt_n100000_sim10_t1,1,3257,213,rbf_riblt,1,0.1,sweep_rbf_riblt_n100000_sim10_t1,0.1
sweep_rbf_riblt_n100000_sim10_t1,1,3332,43,rbf_riblt,1,0.1,sweep_rbf_riblt_n100000_sim10_t1,0.1
sweep_rbf_riblt_n100000_sim10_t2,1,3435,222,rbf_riblt,2,0.1,sweep_rbf_riblt_n100000_sim10_t2,0.1
sweep_rbf_riblt_n100000_sim10_t2,1,3451,46,rbf_riblt,2,0.1,sweep_rbf_riblt_n100000_sim10_t2,0.1
sweep_rbf_riblt_n100000_sim10_t3,1,3297,228,rbf_riblt,3,0.1,sweep_rbf_riblt_n100000_sim10_t3,0.1
sweep_rbf_riblt_n100000_sim10_t3,1,3310,42,rbf_riblt,3,0.1,sweep_rbf_riblt_n100000_sim10_t3,0.1
sweep_rbf_riblt_n100000_sim10_t4,1,3228,205,rbf_riblt,4,0.1,sweep_rbf_riblt_n100000_sim10_t4,0.1
sweep_rbf_riblt_n100000_sim10_t4,1,3400,54,rbf_riblt,4,0.1,sweep_rbf_riblt_n100000_sim10_t4,0.1
sweep_rbf_riblt_n100000_sim10_t5,1,3600,231,rbf_riblt,5,0.1,sweep_rbf_riblt_n100000_sim10_t5,0.1
sweep_rbf_riblt_n100000_sim10_t5,1,3732,43,rbf_riblt,5,0.1,sweep_rbf_riblt_n100000_sim10_t5,0.1
sweep_riblt_n100000_sim20_t1,1,6263,6779,riblt,1,0.2,sweep_riblt_n100000_sim20_t1,0.2
sweep_riblt_n100000_sim20_t1,1,6276,6863,riblt,1,0.2,sweep_riblt_n100000_sim20_t1,0.2
sweep_riblt_n100000_sim20_t2,1,6128,6931,riblt,2,0.2,sweep_riblt_n100000_sim20_t2,0.2
sweep_riblt_n100000_sim20_t2,1,6133,6878,riblt,2,0.2,sweep_riblt_n100000_sim20_t2,0.2
sweep_riblt_n100000_sim20_t3,1,6403,6825,riblt,3,0.2,sweep_riblt_n100000_sim20_t3,0.2
sweep_riblt_n100000_sim20_t3,1,6414,6811,riblt,3,0.2,sweep_riblt_n100000_sim20_t3,0.2
sweep_riblt_n100000_sim20_t4,1,5928,6956,riblt,4,0.2,sweep_riblt_n100000_sim20_t4,0.2
sweep_riblt_n100000_sim20_t4,1,5933,6912,riblt,4,0.2,sweep_riblt_n100000_sim20_t4,0.2
sweep_riblt_n100000_sim20_t5,1,6179,6888,riblt,5,0.2,sweep_riblt_n100000_sim20_t5,0.2
sweep_riblt_n100000_sim20_t5,1,6184,7010,riblt,5,0.2,sweep_riblt_n100000_sim20_t5,0.2
sweep_merkle_n100000_sim20_t1,1,3433,225,merkle,1,0.2,sweep_merkle_n100000_sim20_t1,0.2
sweep_merkle_n100000_sim20_t1,1,3462,225,merkle,1,0.2,sweep_merkle_n100000_sim20_t1,0.2
sweep_merkle_n100000_sim20_t2,1,3904,225,merkle,2,0.2,sweep_merkle_n100000_sim20_t2,0.2
sweep_merkle_n100000_sim20_t2,1,3927,225,merkle,2,0.2,sweep_merkle_n100000_sim20_t2,0.2
sweep_merkle_n100000_sim20_t3,1,3617,225,merkle,3,0.2,sweep_merkle_n100000_sim20_t3,0.2
sweep_merkle_n100000_sim20_t3,1,3681,225,merkle,3,0.2,sweep_merkle_n100000_sim20_t3,0.2
sweep_merkle_n100000_sim20_t4,1,3771,225,merkle,4,0.2,sweep_merkle_n100000_sim20_t4,0.2
sweep_merkle_n100000_sim20_t4,1,3853,225,merkle,4,0.2,sweep_merkle_n100000_sim20_t4,0.2
sweep_merkle_n100000_sim20_t5,1,3729,225,merkle,5,0.2,sweep_merkle_n100000_sim20_t5,0.2
sweep_merkle_n100000_sim20_t5,1,3869,225,merkle,5,0.2,sweep_merkle_n100000_sim20_t5,0.2
sweep_rbf_riblt_n100000_sim20_t1,1,3487,333,rbf_riblt,1,0.2,sweep_rbf_riblt_n100000_sim20_t1,0.2
sweep_rbf_riblt_n100000_sim20_t1,1,3639,43,rbf_riblt,1,0.2,sweep_rbf_riblt_n100000_sim20_t1,0.2
sweep_rbf_riblt_n100000_sim20_t2,1,3594,354,rbf_riblt,2,0.2,sweep_rbf_riblt_n100000_sim20_t2,0.2
sweep_rbf_riblt_n100000_sim20_t2,1,3678,47,rbf_riblt,2,0.2,sweep_rbf_riblt_n100000_sim20_t2,0.2
sweep_rbf_riblt_n100000_sim20_t3,1,3393,370,rbf_riblt,3,0.2,sweep_rbf_riblt_n100000_sim20_t3,0.2
sweep_rbf_riblt_n100000_sim20_t3,1,3571,43,rbf_riblt,3,0.2,sweep_rbf_riblt_n100000_sim20_t3,0.2
sweep_rbf_riblt_n100000_sim20_t4,1,3421,366,rbf_riblt,4,0.2,sweep_rbf_riblt_n100000_sim20_t4,0.2
sweep_rbf_riblt_n100000_sim20_t4,1,3526,43,rbf_riblt,4,0.2,sweep_rbf_riblt_n100000_sim20_t4,0.2
sweep_rbf_riblt_n100000_sim20_t5,1,3418,359,rbf_riblt,5,0.2,sweep_rbf_riblt_n100000_sim20_t5,0.2
sweep_rbf_riblt_n100000_sim20_t5,1,3466,45,rbf_riblt,5,0.2,sweep_rbf_riblt_n100000_sim20_t5,0.2
sweep_riblt_n100000_sim30_t1,1,5570,5637,riblt,1,0.3,sweep_riblt_n100000_sim30_t1,0.3
sweep_riblt_n100000_sim30_t1,1,5578,5608,riblt,1,0.3,sweep_riblt_n100000_sim30_t1,0.3
sweep_riblt_n100000_sim30_t2,1,5671,5953,riblt,2,0.3,sweep_riblt_n100000_sim30_t2,0.3
sweep_riblt_n100000_sim30_t2,1,5676,5804,riblt,2,0.3,sweep_riblt_n100000_sim30_t2,0.3
sweep_riblt_n100000_sim30_t3,1,5764,5550,riblt,3,0.3,sweep_riblt_n100000_sim30_t3,0.3
sweep_riblt_n100000_sim30_t3,1,5771,5447,riblt,3,0.3,sweep_riblt_n100000_sim30_t3,0.3
sweep_riblt_n100000_sim30_t4,1,5637,5656,riblt,4,0.3,sweep_riblt_n100000_sim30_t4,0.3
sweep_riblt_n100000_sim30_t4,1,5642,5703,riblt,4,0.3,sweep_riblt_n100000_sim30_t4,0.3
sweep_riblt_n100000_sim30_t5,1,6204,5474,riblt,5,0.3,sweep_riblt_n100000_sim30_t5,0.3
sweep_riblt_n100000_sim30_t5,1,6208,5487,riblt,5,0.3,sweep_riblt_n100000_sim30_t5,0.3
sweep_merkle_n100000_sim30_t1,1,3311,191,merkle,1,0.3,sweep_merkle_n100000_sim30_t1,0.3
sweep_merkle_n100000_sim30_t1,1,3345,191,merkle,1,0.3,sweep_merkle_n100000_sim30_t1,0.3
sweep_merkle_n100000_sim30_t2,1,3247,191,merkle,2,0.3,sweep_merkle_n100000_sim30_t2,0.3
sweep_merkle_n100000_sim30_t2,1,3292,191,merkle,2,0.3,sweep_merkle_n100000_sim30_t2,0.3
sweep_merkle_n100000_sim30_t3,1,3302,191,merkle,3,0.3,sweep_merkle_n100000_sim30_t3,0.3
sweep_merkle_n100000_sim30_t3,1,3385,191,merkle,3,0.3,sweep_merkle_n100000_sim30_t3,0.3
sweep_merkle_n100000_sim30_t4,1,3603,191,merkle,4,0.3,sweep_merkle_n100000_sim30_t4,0.3
sweep_merkle_n100000_sim30_t4,1,3659,191,merkle,4,0.3,sweep_merkle_n100000_sim30_t4,0.3
sweep_merkle_n100000_sim30_t5,1,3443,191,merkle,5,0.3,sweep_merkle_n100000_sim30_t5,0.3
sweep_merkle_n100000_sim30_t5,1,3544,191,merkle,5,0.3,sweep_merkle_n100000_sim30_t5,0.3
sweep_rbf_riblt_n100000_sim30_t1,1,3749,303,rbf_riblt,1,0.3,sweep_rbf_riblt_n100000_sim30_t1,0.3
sweep_rbf_riblt_n100000_sim30_t1,1,3774,63,rbf_riblt,1,0.3,sweep_rbf_riblt_n100000_sim30_t1,0.3
sweep_rbf_riblt_n100000_sim30_t2,1,3667,323,rbf_riblt,2,0.3,sweep_rbf_riblt_n100000_sim30_t2,0.3
sweep_rbf_riblt_n100000_sim30_t2,1,3738,47,rbf_riblt,2,0.3,sweep_rbf_riblt_n100000_sim30_t2,0.3
sweep_rbf_riblt_n100000_sim30_t3,1,3683,316,rbf_riblt,3,0.3,sweep_rbf_riblt_n100000_sim30_t3,0.3
sweep_rbf_riblt_n100000_sim30_t3,1,3773,42,rbf_riblt,3,0.3,sweep_rbf_riblt_n100000_sim30_t3,0.3
sweep_rbf_riblt_n100000_sim30_t4,1,3668,318,rbf_riblt,4,0.3,sweep_rbf_riblt_n100000_sim30_t4,0.3
sweep_rbf_riblt_n100000_sim30_t4,1,3903,44,rbf_riblt,4,0.3,sweep_rbf_riblt_n100000_sim30_t4,0.3
sweep_rbf_riblt_n100000_sim30_t5,1,3629,307,rbf_riblt,5,0.3,sweep_rbf_riblt_n100000_sim30_t5,0.3
sweep_rbf_riblt_n100000_sim30_t5,1,3756,53,rbf_riblt,5,0.3,sweep_rbf_riblt_n100000_sim30_t5,0.3
sweep_riblt_n100000_sim40_t1,1,5957,4331,riblt,1,0.4,sweep_riblt_n100000_sim40_t1,0.4
sweep_riblt_n100000_sim40_t1,1,5974,4315,riblt,1,0.4,sweep_riblt_n100000_sim40_t1,0.4
sweep_riblt_n100000_sim40_t2,1,5766,4400,riblt,2,0.4,sweep_riblt_n100000_sim40_t2,0.4
sweep_riblt_n100000_sim40_t2,1,5788,4442,riblt,2,0.4,sweep_riblt_n100000_sim40_t2,0.4
sweep_riblt_n100000_sim40_t3,1,5207,4528,riblt,3,0.4,sweep_riblt_n100000_sim40_t3,0.4
sweep_riblt_n100000_sim40_t3,1,5214,4386,riblt,3,0.4,sweep_riblt_n100000_sim40_t3,0.4
sweep_riblt_n100000_sim40_t4,1,5373,4433,riblt,4,0.4,sweep_riblt_n100000_sim40_t4,0.4
sweep_riblt_n100000_sim40_t4,1,5377,4343,riblt,4,0.4,sweep_riblt_n100000_sim40_t4,0.4
sweep_riblt_n100000_sim40_t5,1,5616,4114,riblt,5,0.4,sweep_riblt_n100000_sim40_t5,0.4
sweep_riblt_n100000_sim40_t5,1,5738,4086,riblt,5,0.4,sweep_riblt_n100000_sim40_t5,0.4
sweep_merkle_n100000_sim40_t1,1,2960,153,merkle,1,0.4,sweep_merkle_n100000_sim40_t1,0.4
sweep_merkle_n100000_sim40_t1,1,2996,153,merkle,1,0.4,sweep_merkle_n100000_sim40_t1,0.4
sweep_merkle_n100000_sim40_t2,1,3056,153,merkle,2,0.4,sweep_merkle_n100000_sim40_t2,0.4
sweep_merkle_n100000_sim40_t2,1,3100,153,merkle,2,0.4,sweep_merkle_n100000_sim40_t2,0.4
sweep_merkle_n100000_sim40_t3,1,3007,153,merkle,3,0.4,sweep_merkle_n100000_sim40_t3,0.4
sweep_merkle_n100000_sim40_t3,1,3042,153,merkle,3,0.4,sweep_merkle_n100000_sim40_t3,0.4
sweep_merkle_n100000_sim40_t4,1,2970,153,merkle,4,0.4,sweep_merkle_n100000_sim40_t4,0.4
sweep_merkle_n100000_sim40_t4,1,3021,153,merkle,4,0.4,sweep_merkle_n100000_sim40_t4,0.4
sweep_merkle_n100000_sim40_t5,1,2965,153,merkle,5,0.4,sweep_merkle_n100000_sim40_t5,0.4
sweep_merkle_n100000_sim40_t5,1,2979,153,merkle,5,0.4,sweep_merkle_n100000_sim40_t5,0.4
sweep_rbf_riblt_n100000_sim40_t1,1,3610,275,rbf_riblt,1,0.4,sweep_rbf_riblt_n100000_sim40_t1,0.4
sweep_rbf_riblt_n100000_sim40_t1,1,3800,43,rbf_riblt,1,0.4,sweep_rbf_riblt_n100000_sim40_t1,0.4
sweep_rbf_riblt_n100000_sim40_t2,1,3670,311,rbf_riblt,2,0.4,sweep_rbf_riblt_n100000_sim40_t2,0.4
sweep_rbf_riblt_n100000_sim40_t2,1,3728,68,rbf_riblt,2,0.4,sweep_rbf_riblt_n100000_sim40_t2,0.4
sweep_rbf_riblt_n100000_sim40_t3,1,3672,315,rbf_riblt,3,0.4,sweep_rbf_riblt_n100000_sim40_t3,0.4
sweep_rbf_riblt_n100000_sim40_t3,1,3761,87,rbf_riblt,3,0.4,sweep_rbf_riblt_n100000_sim40_t3,0.4
sweep_rbf_riblt_n100000_sim40_t4,1,3688,342,rbf_riblt,4,0.4,sweep_rbf_riblt_n100000_sim40_t4,0.4
sweep_rbf_riblt_n100000_sim40_t4,1,3704,88,rbf_riblt,4,0.4,sweep_rbf_riblt_n100000_sim40_t4,0.4
sweep_rbf_riblt_n100000_sim40_t5,1,3741,50,rbf_riblt,5,0.4,sweep_rbf_riblt_n100000_sim40_t5,0.4
sweep_rbf_riblt_n100000_sim40_t5,1,3780,341,rbf_riblt,5,0.4,sweep_rbf_riblt_n100000_sim40_t5,0.4
sweep_riblt_n100000_sim50_t1,1,4788,3572,riblt,1,0.5,sweep_riblt_n100000_sim50_t1,0.5
sweep_riblt_n100000_sim50_t1,1,4793,3631,riblt,1,0.5,sweep_riblt_n100000_sim50_t1,0.5
sweep_riblt_n100000_sim50_t2,1,4756,3593,riblt,2,0.5,sweep_riblt_n100000_sim50_t2,0.5
sweep_riblt_n100000_sim50_t2,1,4777,3634,riblt,2,0.5,sweep_riblt_n100000_sim50_t2,0.5
sweep_riblt_n100000_sim50_t3,1,4809,3431,riblt,3,0.5,sweep_riblt_n100000_sim50_t3,0.5
sweep_riblt_n100000_sim50_t3,1,4920,3420,riblt,3,0.5,sweep_riblt_n100000_sim50_t3,0.5
sweep_riblt_n100000_sim50_t4,1,4703,3662,riblt,4,0.5,sweep_riblt_n100000_sim50_t4,0.5
sweep_riblt_n100000_sim50_t4,1,4830,3555,riblt,4,0.5,sweep_riblt_n100000_sim50_t4,0.5
sweep_riblt_n100000_sim50_t5,1,4781,3610,riblt,5,0.5,sweep_riblt_n100000_sim50_t5,0.5
sweep_riblt_n100000_sim50_t5,1,5381,3561,riblt,5,0.5,sweep_riblt_n100000_sim50_t5,0.5
sweep_merkle_n100000_sim50_t1,1,2827,129,merkle,1,0.5,sweep_merkle_n100000_sim50_t1,0.5
sweep_merkle_n100000_sim50_t1,1,2831,129,merkle,1,0.5,sweep_merkle_n100000_sim50_t1,0.5
sweep_merkle_n100000_sim50_t2,1,2859,129,merkle,2,0.5,sweep_merkle_n100000_sim50_t2,0.5
sweep_merkle_n100000_sim50_t2,1,2903,129,merkle,2,0.5,sweep_merkle_n100000_sim50_t2,0.5
sweep_merkle_n100000_sim50_t3,1,2909,129,merkle,3,0.5,sweep_merkle_n100000_sim50_t3,0.5
sweep_merkle_n100000_sim50_t3,1,2935,129,merkle,3,0.5,sweep_merkle_n100000_sim50_t3,0.5
sweep_merkle_n100000_sim50_t4,1,2783,129,merkle,4,0.5,sweep_merkle_n100000_sim50_t4,0.5
sweep_merkle_n100000_sim50_t4,1,2793,129,merkle,4,0.5,sweep_merkle_n100000_sim50_t4,0.5
sweep_merkle_n100000_sim50_t5,1,2845,129,merkle,5,0.5,sweep_merkle_n100000_sim50_t5,0.5
sweep_merkle_n100000_sim50_t5,1,2854,129,merkle,5,0.5,sweep_merkle_n100000_sim50_t5,0.5
sweep_rbf_riblt_n100000_sim50_t1,1,4245,398,rbf_riblt,1,0.5,sweep_rbf_riblt_n100000_sim50_t1,0.5
sweep_rbf_riblt_n100000_sim50_t1,1,4298,46,rbf_riblt,1,0.5,sweep_rbf_riblt_n100000_sim50_t1,0.5
sweep_rbf_riblt_n100000_sim50_t2,1,3871,45,rbf_riblt,2,0.5,sweep_rbf_riblt_n100000_sim50_t2,0.5
sweep_rbf_riblt_n100000_sim50_t2,1,3877,405,rbf_riblt,2,0.5,sweep_rbf_riblt_n100000_sim50_t2,0.5
sweep_rbf_riblt_n100000_sim50_t3,1,4210,411,rbf_riblt,3,0.5,sweep_rbf_riblt_n100000_sim50_t3,0.5
sweep_rbf_riblt_n100000_sim50_t3,1,4233,62,rbf_riblt,3,0.5,sweep_rbf_riblt_n100000_sim50_t3,0.5
sweep_rbf_riblt_n100000_sim50_t4,1,3874,376,rbf_riblt,4,0.5,sweep_rbf_riblt_n100000_sim50_t4,0.5
sweep_rbf_riblt_n100000_sim50_t4,1,3881,43,rbf_riblt,4,0.5,sweep_rbf_riblt_n100000_sim50_t4,0.5
sweep_rbf_riblt_n100000_sim50_t5,1,3845,390,rbf_riblt,5,0.5,sweep_rbf_riblt_n100000_sim50_t5,0.5
sweep_rbf_riblt_n100000_sim50_t5,1,3948,42,rbf_riblt,5,0.5,sweep_rbf_riblt_n100000_sim50_t5,0.5
sweep_riblt_n100000_sim60_t1,1,4458,2884,riblt,1,0.6,sweep_riblt_n100000_sim60_t1,0.6
sweep_riblt_n100000_sim60_t1,1,4583,2707,riblt,1,0.6,sweep_riblt_n100000_sim60_t1,0.6
sweep_riblt_n100000_sim60_t2,1,4583,2822,riblt,2,0.6,sweep_riblt_n100000_sim60_t2,0.6
sweep_riblt_n100000_sim60_t2,1,4588,2746,riblt,2,0.6,sweep_riblt_n100000_sim60_t2,0.6
sweep_riblt_n100000_sim60_t3,1,4557,2771,riblt,3,0.6,sweep_riblt_n100000_sim60_t3,0.6
sweep_riblt_n100000_sim60_t3,1,4593,2752,riblt,3,0.6,sweep_riblt_n100000_sim60_t3,0.6
sweep_riblt_n100000_sim60_t4,1,4604,2650,riblt,4,0.6,sweep_riblt_n100000_sim60_t4,0.6
sweep_riblt_n100000_sim60_t4,1,4684,2750,riblt,4,0.6,sweep_riblt_n100000_sim60_t4,0.6
sweep_riblt_n100000_sim60_t5,1,4735,2644,riblt,5,0.6,sweep_riblt_n100000_sim60_t5,0.6
sweep_riblt_n100000_sim60_t5,1,4740,2646,riblt,5,0.6,sweep_riblt_n100000_sim60_t5,0.6
sweep_merkle_n100000_sim60_t1,1,2778,101,merkle,1,0.6,sweep_merkle_n100000_sim60_t1,0.6
sweep_merkle_n100000_sim60_t1,1,2822,101,merkle,1,0.6,sweep_merkle_n100000_sim60_t1,0.6
sweep_merkle_n100000_sim60_t2,1,2734,101,merkle,2,0.6,sweep_merkle_n100000_sim60_t2,0.6
sweep_merkle_n100000_sim60_t2,1,2757,101,merkle,2,0.6,sweep_merkle_n100000_sim60_t2,0.6
sweep_merkle_n100000_sim60_t3,1,2766,101,merkle,3,0.6,sweep_merkle_n100000_sim60_t3,0.6
sweep_merkle_n100000_sim60_t3,1,2853,101,merkle,3,0.6,sweep_merkle_n100000_sim60_t3,0.6
sweep_merkle_n100000_sim60_t4,1,2756,101,merkle,4,0.6,sweep_merkle_n100000_sim60_t4,0.6
sweep_merkle_n100000_sim60_t4,1,2767,101,merkle,4,0.6,sweep_merkle_n100000_sim60_t4,0.6
sweep_merkle_n100000_sim60_t5,1,2714,101,merkle,5,0.6,sweep_merkle_n100000_sim60_t5,0.6
sweep_merkle_n100000_sim60_t5,1,2741,101,merkle,5,0.6,sweep_merkle_n100000_sim60_t5,0.6
sweep_rbf_riblt_n100000_sim60_t1,1,3892,379,rbf_riblt,1,0.6,sweep_rbf_riblt_n100000_sim60_t1,0.6
sweep_rbf_riblt_n100000_sim60_t1,1,3970,59,rbf_riblt,1,0.6,sweep_rbf_riblt_n100000_sim60_t1,0.6
sweep_rbf_riblt_n100000_sim60_t2,1,4037,178,rbf_riblt,2,0.6,sweep_rbf_riblt_n100000_sim60_t2,0.6
sweep_rbf_riblt_n100000_sim60_t2,1,4050,387,rbf_riblt,2,0.6,sweep_rbf_riblt_n100000_sim60_t2,0.6
sweep_rbf_riblt_n100000_sim60_t3,1,4182,409,rbf_riblt,3,0.6,sweep_rbf_riblt_n100000_sim60_t3,0.6
sweep_rbf_riblt_n100000_sim60_t3,1,4276,91,rbf_riblt,3,0.6,sweep_rbf_riblt_n100000_sim60_t3,0.6
sweep_rbf_riblt_n100000_sim60_t4,1,3960,356,rbf_riblt,4,0.6,sweep_rbf_riblt_n100000_sim60_t4,0.6
sweep_rbf_riblt_n100000_sim60_t4,1,3974,43,rbf_riblt,4,0.6,sweep_rbf_riblt_n100000_sim60_t4,0.6
sweep_rbf_riblt_n100000_sim60_t5,1,4010,347,rbf_riblt,5,0.6,sweep_rbf_riblt_n100000_sim60_t5,0.6
sweep_rbf_riblt_n100000_sim60_t5,1,4179,48,rbf_riblt,5,0.6,sweep_rbf_riblt_n100000_sim60_t5,0.6
sweep_riblt_n100000_sim70_t1,1,4440,2084,riblt,1,0.7,sweep_riblt_n100000_sim70_t1,0.7
sweep_riblt_n100000_sim70_t1,1,4448,1968,riblt,1,0.7,sweep_riblt_n100000_sim70_t1,0.7
sweep_riblt_n100000_sim70_t2,1,4165,1959,riblt,2,0.7,sweep_riblt_n100000_sim70_t2,0.7
sweep_riblt_n100000_sim70_t2,1,4201,1866,riblt,2,0.7,sweep_riblt_n100000_sim70_t2,0.7
sweep_riblt_n100000_sim70_t3,1,4270,2068,riblt,3,0.7,sweep_riblt_n100000_sim70_t3,0.7
sweep_riblt_n100000_sim70_t3,1,4337,2061,riblt,3,0.7,sweep_riblt_n100000_sim70_t3,0.7
sweep_riblt_n100000_sim70_t4,1,4277,2047,riblt,4,0.7,sweep_riblt_n100000_sim70_t4,0.7
sweep_riblt_n100000_sim70_t4,1,4281,2054,riblt,4,0.7,sweep_riblt_n100000_sim70_t4,0.7
sweep_riblt_n100000_sim70_t5,1,4350,2049,riblt,5,0.7,sweep_riblt_n100000_sim70_t5,0.7
sweep_riblt_n100000_sim70_t5,1,4354,1960,riblt,5,0.7,sweep_riblt_n100000_sim70_t5,0.7
sweep_merkle_n100000_sim70_t1,1,2639,81,merkle,1,0.7,sweep_merkle_n100000_sim70_t1,0.7
sweep_merkle_n100000_sim70_t1,1,2670,81,merkle,1,0.7,sweep_merkle_n100000_sim70_t1,0.7
sweep_merkle_n100000_sim70_t2,1,2626,81,merkle,2,0.7,sweep_merkle_n100000_sim70_t2,0.7
sweep_merkle_n100000_sim70_t2,1,2638,81,merkle,2,0.7,sweep_merkle_n100000_sim70_t2,0.7
sweep_merkle_n100000_sim70_t3,1,2550,81,merkle,3,0.7,sweep_merkle_n100000_sim70_t3,0.7
sweep_merkle_n100000_sim70_t3,1,2584,81,merkle,3,0.7,sweep_merkle_n100000_sim70_t3,0.7
sweep_merkle_n100000_sim70_t4,1,2686,81,merkle,4,0.7,sweep_merkle_n100000_sim70_t4,0.7
sweep_merkle_n100000_sim70_t4,1,2718,81,merkle,4,0.7,sweep_merkle_n100000_sim70_t4,0.7
sweep_merkle_n100000_sim70_t5,1,2563,81,merkle,5,0.7,sweep_merkle_n100000_sim70_t5,0.7
sweep_merkle_n100000_sim70_t5,1,2567,81,merkle,5,0.7,sweep_merkle_n100000_sim70_t5,0.7
sweep_rbf_riblt_n100000_sim70_t1,1,4130,59,rbf_riblt,1,0.7,sweep_rbf_riblt_n100000_sim70_t1,0.7
sweep_rbf_riblt_n100000_sim70_t1,1,4138,436,rbf_riblt,1,0.7,sweep_rbf_riblt_n100000_sim70_t1,0.7
sweep_rbf_riblt_n100000_sim70_t2,1,3962,391,rbf_riblt,2,0.7,sweep_rbf_riblt_n100000_sim70_t2,0.7
sweep_rbf_riblt_n100000_sim70_t2,1,4062,108,rbf_riblt,2,0.7,sweep_rbf_riblt_n100000_sim70_t2,0.7
sweep_rbf_riblt_n100000_sim70_t3,1,4078,411,rbf_riblt,3,0.7,sweep_rbf_riblt_n100000_sim70_t3,0.7
sweep_rbf_riblt_n100000_sim70_t3,1,4184,136,rbf_riblt,3,0.7,sweep_rbf_riblt_n100000_sim70_t3,0.7
sweep_rbf_riblt_n100000_sim70_t4,1,3982,55,rbf_riblt,4,0.7,sweep_rbf_riblt_n100000_sim70_t4,0.7
sweep_rbf_riblt_n100000_sim70_t4,1,3985,376,rbf_riblt,4,0.7,sweep_rbf_riblt_n100000_sim70_t4,0.7
sweep_rbf_riblt_n100000_sim70_t5,1,4010,388,rbf_riblt,5,0.7,sweep_rbf_riblt_n100000_sim70_t5,0.7
sweep_rbf_riblt_n100000_sim70_t5,1,4061,40,rbf_riblt,5,0.7,sweep_rbf_riblt_n100000_sim70_t5,0.7
sweep_riblt_n100000_sim75_t1,1,4062,1634,riblt,1,0.75,sweep_riblt_n100000_sim75_t1,0.75
sweep_riblt_n100000_sim75_t1,1,4067,1554,riblt,1,0.75,sweep_riblt_n100000_sim75_t1,0.75
sweep_riblt_n100000_sim75_t2,1,4102,1621,riblt,2,0.75,sweep_riblt_n100000_sim75_t2,0.75
sweep_riblt_n100000_sim75_t2,1,4210,1547,riblt,2,0.75,sweep_riblt_n100000_sim75_t2,0.75
sweep_riblt_n100000_sim75_t3,1,4152,1605,riblt,3,0.75,sweep_riblt_n100000_sim75_t3,0.75
sweep_riblt_n100000_sim75_t3,1,4160,1580,riblt,3,0.75,sweep_riblt_n100000_sim75_t3,0.75
sweep_riblt_n100000_sim75_t4,1,4511,1539,riblt,4,0.75,sweep_riblt_n100000_sim75_t4,0.75
sweep_riblt_n100000_sim75_t4,1,4515,1663,riblt,4,0.75,sweep_riblt_n100000_sim75_t4,0.75
sweep_riblt_n100000_sim75_t5,1,4173,1783,riblt,5,0.75,sweep_riblt_n100000_sim75_t5,0.75
sweep_riblt_n100000_sim75_t5,1,4185,1714,riblt,5,0.75,sweep_riblt_n100000_sim75_t5,0.75
sweep_merkle_n100000_sim75_t1,1,2405,73,merkle,1,0.75,sweep_merkle_n100000_sim75_t1,0.75
sweep_merkle_n100000_sim75_t1,1,2438,73,merkle,1,0.75,sweep_merkle_n100000_sim75_t1,0.75
sweep_merkle_n100000_sim75_t2,1,2403,73,merkle,2,0.75,sweep_merkle_n100000_sim75_t2,0.75
sweep_merkle_n100000_sim75_t2,1,2413,73,merkle,2,0.75,sweep_merkle_n100000_sim75_t2,0.75
sweep_merkle_n100000_sim75_t3,1,2383,73,merkle,3,0.75,sweep_merkle_n100000_sim75_t3,0.75
sweep_merkle_n100000_sim75_t3,1,2397,73,merkle,3,0.75,sweep_merkle_n100000_sim75_t3,0.75
sweep_merkle_n100000_sim75_t4,1,2434,73,merkle,4,0.75,sweep_merkle_n100000_sim75_t4,0.75
sweep_merkle_n100000_sim75_t4,1,2441,73,merkle,4,0.75,sweep_merkle_n100000_sim75_t4,0.75
sweep_merkle_n100000_sim75_t5,1,2397,73,merkle,5,0.75,sweep_merkle_n100000_sim75_t5,0.75
sweep_merkle_n100000_sim75_t5,1,2432,73,merkle,5,0.75,sweep_merkle_n100000_sim75_t5,0.75
sweep_rbf_riblt_n100000_sim75_t1,1,4049,416,rbf_riblt,1,0.75,sweep_rbf_riblt_n100000_sim75_t1,0.75
sweep_rbf_riblt_n100000_sim75_t1,1,4054,117,rbf_riblt,1,0.75,sweep_rbf_riblt_n100000_sim75_t1,0.75
sweep_rbf_riblt_n100000_sim75_t2,1,4108,60,rbf_riblt,2,0.75,sweep_rbf_riblt_n100000_sim75_t2,0.75
sweep_rbf_riblt_n100000_sim75_t2,1,4112,431,rbf_riblt,2,0.75,sweep_rbf_riblt_n100000_sim75_t2,0.75
sweep_rbf_riblt_n100000_sim75_t3,1,4307,398,rbf_riblt,3,0.75,sweep_rbf_riblt_n100000_sim75_t3,0.75
sweep_rbf_riblt_n100000_sim75_t3,1,4312,49,rbf_riblt,3,0.75,sweep_rbf_riblt_n100000_sim75_t3,0.75
sweep_rbf_riblt_n100000_sim75_t4,1,4487,412,rbf_riblt,4,0.75,sweep_rbf_riblt_n100000_sim75_t4,0.75
sweep_rbf_riblt_n100000_sim75_t4,1,4566,128,rbf_riblt,4,0.75,sweep_rbf_riblt_n100000_sim75_t4,0.75
sweep_rbf_riblt_n100000_sim75_t5,1,4616,436,rbf_riblt,5,0.75,sweep_rbf_riblt_n100000_sim75_t5,0.75
sweep_rbf_riblt_n100000_sim75_t5,1,4739,109,rbf_riblt,5,0.75,sweep_rbf_riblt_n100000_sim75_t5,0.75
sweep_riblt_n100000_sim80_t1,1,4156,1283,riblt,1,0.8,sweep_riblt_n100000_sim80_t1,0.8
sweep_riblt_n100000_sim80_t1,1,4161,1343,riblt,1,0.8,sweep_riblt_n100000_sim80_t1,0.8
sweep_riblt_n100000_sim80_t2,1,4065,1427,riblt,2,0.8,sweep_riblt_n100000_sim80_t2,0.8
sweep_riblt_n100000_sim80_t2,1,4069,1234,riblt,2,0.8,sweep_riblt_n100000_sim80_t2,0.8
sweep_riblt_n100000_sim80_t3,1,4013,1408,riblt,3,0.8,sweep_riblt_n100000_sim80_t3,0.8
sweep_riblt_n100000_sim80_t3,1,4017,1334,riblt,3,0.8,sweep_riblt_n100000_sim80_t3,0.8
sweep_riblt_n100000_sim80_t4,1,4493,1250,riblt,4,0.8,sweep_riblt_n100000_sim80_t4,0.8
sweep_riblt_n100000_sim80_t4,1,4497,1185,riblt,4,0.8,sweep_riblt_n100000_sim80_t4,0.8
sweep_riblt_n100000_sim80_t5,1,4450,1192,riblt,5,0.8,sweep_riblt_n100000_sim80_t5,0.8
sweep_riblt_n100000_sim80_t5,1,4564,1340,riblt,5,0.8,sweep_riblt_n100000_sim80_t5,0.8
sweep_merkle_n100000_sim80_t1,1,2592,63,merkle,1,0.8,sweep_merkle_n100000_sim80_t1,0.8
sweep_merkle_n100000_sim80_t1,1,2608,63,merkle,1,0.8,sweep_merkle_n100000_sim80_t1,0.8
sweep_merkle_n100000_sim80_t2,1,2556,63,merkle,2,0.8,sweep_merkle_n100000_sim80_t2,0.8
sweep_merkle_n100000_sim80_t2,1,2581,63,merkle,2,0.8,sweep_merkle_n100000_sim80_t2,0.8
sweep_merkle_n100000_sim80_t3,1,2392,63,merkle,3,0.8,sweep_merkle_n100000_sim80_t3,0.8
sweep_merkle_n100000_sim80_t3,1,2397,63,merkle,3,0.8,sweep_merkle_n100000_sim80_t3,0.8
sweep_merkle_n100000_sim80_t4,1,2424,63,merkle,4,0.8,sweep_merkle_n100000_sim80_t4,0.8
sweep_merkle_n100000_sim80_t4,1,2459,63,merkle,4,0.8,sweep_merkle_n100000_sim80_t4,0.8
sweep_merkle_n100000_sim80_t5,1,2366,63,merkle,5,0.8,sweep_merkle_n100000_sim80_t5,0.8
sweep_merkle_n100000_sim80_t5,1,2422,63,merkle,5,0.8,sweep_merkle_n100000_sim80_t5,0.8
sweep_rbf_riblt_n100000_sim80_t1,1,4036,348,rbf_riblt,1,0.8,sweep_rbf_riblt_n100000_sim80_t1,0.8
sweep_rbf_riblt_n100000_sim80_t1,1,4134,44,rbf_riblt,1,0.8,sweep_rbf_riblt_n100000_sim80_t1,0.8
sweep_rbf_riblt_n100000_sim80_t2,1,4000,337,rbf_riblt,2,0.8,sweep_rbf_riblt_n100000_sim80_t2,0.8
sweep_rbf_riblt_n100000_sim80_t2,1,4005,162,rbf_riblt,2,0.8,sweep_rbf_riblt_n100000_sim80_t2,0.8
sweep_rbf_riblt_n100000_sim80_t3,1,4090,46,rbf_riblt,3,0.8,sweep_rbf_riblt_n100000_sim80_t3,0.8
sweep_rbf_riblt_n100000_sim80_t3,1,4106,342,rbf_riblt,3,0.8,sweep_rbf_riblt_n100000_sim80_t3,0.8
sweep_rbf_riblt_n100000_sim80_t4,1,4033,141,rbf_riblt,4,0.8,sweep_rbf_riblt_n100000_sim80_t4,0.8
sweep_rbf_riblt_n100000_sim80_t4,1,4037,340,rbf_riblt,4,0.8,sweep_rbf_riblt_n100000_sim80_t4,0.8
sweep_rbf_riblt_n100000_sim80_t5,1,3963,52,rbf_riblt,5,0.8,sweep_rbf_riblt_n100000_sim80_t5,0.8
sweep_rbf_riblt_n100000_sim80_t5,1,4011,319,rbf_riblt,5,0.8,sweep_rbf_riblt_n100000_sim80_t5,0.8
sweep_riblt_n100000_sim85_t1,1,4577,1092,riblt,1,0.85,sweep_riblt_n100000_sim85_t1,0.85
sweep_riblt_n100000_sim85_t1,1,4618,1063,riblt,1,0.85,sweep_riblt_n100000_sim85_t1,0.85
sweep_riblt_n100000_sim85_t2,1,4614,908,riblt,2,0.85,sweep_riblt_n100000_sim85_t2,0.85
sweep_riblt_n100000_sim85_t2,1,4771,922,riblt,2,0.85,sweep_riblt_n100000_sim85_t2,0.85
sweep_riblt_n100000_sim85_t3,1,3867,1052,riblt,3,0.85,sweep_riblt_n100000_sim85_t3,0.85
sweep_riblt_n100000_sim85_t3,1,3988,880,riblt,3,0.85,sweep_riblt_n100000_sim85_t3,0.85
sweep_riblt_n100000_sim85_t4,1,4052,921,riblt,4,0.85,sweep_riblt_n100000_sim85_t4,0.85
sweep_riblt_n100000_sim85_t4,1,4212,912,riblt,4,0.85,sweep_riblt_n100000_sim85_t4,0.85
sweep_riblt_n100000_sim85_t5,1,4094,945,riblt,5,0.85,sweep_riblt_n100000_sim85_t5,0.85
sweep_riblt_n100000_sim85_t5,1,4202,924,riblt,5,0.85,sweep_riblt_n100000_sim85_t5,0.85
sweep_merkle_n100000_sim85_t1,1,2515,55,merkle,1,0.85,sweep_merkle_n100000_sim85_t1,0.85
sweep_merkle_n100000_sim85_t1,1,2602,55,merkle,1,0.85,sweep_merkle_n100000_sim85_t1,0.85
sweep_merkle_n100000_sim85_t2,1,2313,55,merkle,2,0.85,sweep_merkle_n100000_sim85_t2,0.85
sweep_merkle_n100000_sim85_t2,1,2321,55,merkle,2,0.85,sweep_merkle_n100000_sim85_t2,0.85
sweep_merkle_n100000_sim85_t3,1,2325,55,merkle,3,0.85,sweep_merkle_n100000_sim85_t3,0.85
sweep_merkle_n100000_sim85_t3,1,2333,55,merkle,3,0.85,sweep_merkle_n100000_sim85_t3,0.85
sweep_merkle_n100000_sim85_t4,1,2323,55,merkle,4,0.85,sweep_merkle_n100000_sim85_t4,0.85
sweep_merkle_n100000_sim85_t4,1,2350,55,merkle,4,0.85,sweep_merkle_n100000_sim85_t4,0.85
sweep_merkle_n100000_sim85_t5,1,2302,55,merkle,5,0.85,sweep_merkle_n100000_sim85_t5,0.85
sweep_merkle_n100000_sim85_t5,1,2314,55,merkle,5,0.85,sweep_merkle_n100000_sim85_t5,0.85
sweep_rbf_riblt_n100000_sim85_t1,1,4243,65,rbf_riblt,1,0.85,sweep_rbf_riblt_n100000_sim85_t1,0.85
sweep_rbf_riblt_n100000_sim85_t1,1,4270,495,rbf_riblt,1,0.85,sweep_rbf_riblt_n100000_sim85_t1,0.85
sweep_rbf_riblt_n100000_sim85_t2,1,4038,59,rbf_riblt,2,0.85,sweep_rbf_riblt_n100000_sim85_t2,0.85
sweep_rbf_riblt_n100000_sim85_t2,1,4060,490,rbf_riblt,2,0.85,sweep_rbf_riblt_n100000_sim85_t2,0.85
sweep_rbf_riblt_n100000_sim85_t3,1,4486,482,rbf_riblt,3,0.85,sweep_rbf_riblt_n100000_sim85_t3,0.85
sweep_rbf_riblt_n100000_sim85_t3,1,4517,68,rbf_riblt,3,0.85,sweep_rbf_riblt_n100000_sim85_t3,0.85
sweep_rbf_riblt_n100000_sim85_t4,1,4118,69,rbf_riblt,4,0.85,sweep_rbf_riblt_n100000_sim85_t4,0.85
sweep_rbf_riblt_n100000_sim85_t4,1,4129,498,rbf_riblt,4,0.85,sweep_rbf_riblt_n100000_sim85_t4,0.85
sweep_rbf_riblt_n100000_sim85_t5,1,4389,45,rbf_riblt,5,0.85,sweep_rbf_riblt_n100000_sim85_t5,0.85
sweep_rbf_riblt_n100000_sim85_t5,1,4511,469,rbf_riblt,5,0.85,sweep_rbf_riblt_n100000_sim85_t5,0.85
sweep_riblt_n100000_sim90_t1,1,4014,678,riblt,1,0.9,sweep_riblt_n100000_sim90_t1,0.9
sweep_riblt_n100000_sim90_t1,1,4085,685,riblt,1,0.9,sweep_riblt_n100000_sim90_t1,0.9
sweep_riblt_n100000_sim90_t2,1,3957,785,riblt,2,0.9,sweep_riblt_n100000_sim90_t2,0.9
sweep_riblt_n100000_sim90_t2,1,3961,673,riblt,2,0.9,sweep_riblt_n100000_sim90_t2,0.9
sweep_riblt_n100000_sim90_t3,1,4066,700,riblt,3,0.9,sweep_riblt_n100000_sim90_t3,0.9
sweep_riblt_n100000_sim90_t3,1,4070,672,riblt,3,0.9,sweep_riblt_n100000_sim90_t3,0.9
sweep_riblt_n100000_sim90_t4,1,3971,788,riblt,4,0.9,sweep_riblt_n100000_sim90_t4,0.9
sweep_riblt_n100000_sim90_t4,1,3975,638,riblt,4,0.9,sweep_riblt_n100000_sim90_t4,0.9
sweep_riblt_n100000_sim90_t5,1,3798,701,riblt,5,0.9,sweep_riblt_n100000_sim90_t5,0.9
sweep_riblt_n100000_sim90_t5,1,3803,673,riblt,5,0.9,sweep_riblt_n100000_sim90_t5,0.9
sweep_merkle_n100000_sim90_t1,1,2498,47,merkle,1,0.9,sweep_merkle_n100000_sim90_t1,0.9
sweep_merkle_n100000_sim90_t1,1,2528,47,merkle,1,0.9,sweep_merkle_n100000_sim90_t1,0.9
sweep_merkle_n100000_sim90_t2,1,2569,47,merkle,2,0.9,sweep_merkle_n100000_sim90_t2,0.9
sweep_merkle_n100000_sim90_t2,1,2729,47,merkle,2,0.9,sweep_merkle_n100000_sim90_t2,0.9
sweep_merkle_n100000_sim90_t3,1,2329,47,merkle,3,0.9,sweep_merkle_n100000_sim90_t3,0.9
sweep_merkle_n100000_sim90_t3,1,2411,47,merkle,3,0.9,sweep_merkle_n100000_sim90_t3,0.9
sweep_merkle_n100000_sim90_t4,1,2372,47,merkle,4,0.9,sweep_merkle_n100000_sim90_t4,0.9
sweep_merkle_n100000_sim90_t4,1,2411,47,merkle,4,0.9,sweep_merkle_n100000_sim90_t4,0.9
sweep_merkle_n100000_sim90_t5,1,2428,47,merkle,5,0.9,sweep_merkle_n100000_sim90_t5,0.9
sweep_merkle_n100000_sim90_t5,1,2437,47,merkle,5,0.9,sweep_merkle_n100000_sim90_t5,0.9
sweep_rbf_riblt_n100000_sim90_t1,1,4073,326,rbf_riblt,1,0.9,sweep_rbf_riblt_n100000_sim90_t1,0.9
sweep_rbf_riblt_n100000_sim90_t1,1,4135,95,rbf_riblt,1,0.9,sweep_rbf_riblt_n100000_sim90_t1,0.9
sweep_rbf_riblt_n100000_sim90_t2,1,4143,44,rbf_riblt,2,0.9,sweep_rbf_riblt_n100000_sim90_t2,0.9
sweep_rbf_riblt_n100000_sim90_t2,1,4221,330,rbf_riblt,2,0.9,sweep_rbf_riblt_n100000_sim90_t2,0.9
sweep_rbf_riblt_n100000_sim90_t3,1,4282,42,rbf_riblt,3,0.9,sweep_rbf_riblt_n100000_sim90_t3,0.9
sweep_rbf_riblt_n100000_sim90_t3,1,4369,318,rbf_riblt,3,0.9,sweep_rbf_riblt_n100000_sim90_t3,0.9
sweep_rbf_riblt_n100000_sim90_t4,1,3898,64,rbf_riblt,4,0.9,sweep_rbf_riblt_n100000_sim90_t4,0.9
sweep_rbf_riblt_n100000_sim90_t4,1,3902,315,rbf_riblt,4,0.9,sweep_rbf_riblt_n100000_sim90_t4,0.9
sweep_rbf_riblt_n100000_sim90_t5,1,5026,104,rbf_riblt,5,0.9,sweep_rbf_riblt_n100000_sim90_t5,0.9
sweep_rbf_riblt_n100000_sim90_t5,1,5029,292,rbf_riblt,5,0.9,sweep_rbf_riblt_n100000_sim90_t5,0.9
sweep_riblt_n100000_sim95_t1,1,3674,385,riblt,1,0.95,sweep_riblt_n100000_sim95_t1,0.95
sweep_riblt_n100000_sim95_t1,1,3678,324,riblt,1,0.95,sweep_riblt_n100000_sim95_t1,0.95
sweep_riblt_n100000_sim95_t2,1,3481,383,riblt,2,0.95,sweep_riblt_n100000_sim95_t2,0.95
sweep_riblt_n100000_sim95_t2,1,3516,416,riblt,2,0.95,sweep_riblt_n100000_sim95_t2,0.95
sweep_riblt_n100000_sim95_t3,1,3425,330,riblt,3,0.95,sweep_riblt_n100000_sim95_t3,0.95
sweep_riblt_n100000_sim95_t3,1,3575,352,riblt,3,0.95,sweep_riblt_n100000_sim95_t3,0.95
sweep_riblt_n100000_sim95_t4,1,3378,407,riblt,4,0.95,sweep_riblt_n100000_sim95_t4,0.95
sweep_riblt_n100000_sim95_t4,1,3382,315,riblt,4,0.95,sweep_riblt_n100000_sim95_t4,0.95
sweep_riblt_n100000_sim95_t5,1,3488,367,riblt,5,0.95,sweep_riblt_n100000_sim95_t5,0.95
sweep_riblt_n100000_sim95_t5,1,3549,318,riblt,5,0.95,sweep_riblt_n100000_sim95_t5,0.95
sweep_merkle_n100000_sim95_t1,1,2227,41,merkle,1,0.95,sweep_merkle_n100000_sim95_t1,0.95
sweep_merkle_n100000_sim95_t1,1,2256,41,merkle,1,0.95,sweep_merkle_n100000_sim95_t1,0.95
sweep_merkle_n100000_sim95_t2,1,2253,41,merkle,2,0.95,sweep_merkle_n100000_sim95_t2,0.95
sweep_merkle_n100000_sim95_t2,1,2258,41,merkle,2,0.95,sweep_merkle_n100000_sim95_t2,0.95
sweep_merkle_n100000_sim95_t3,1,2236,41,merkle,3,0.95,sweep_merkle_n100000_sim95_t3,0.95
sweep_merkle_n100000_sim95_t3,1,2261,41,merkle,3,0.95,sweep_merkle_n100000_sim95_t3,0.95
sweep_merkle_n100000_sim95_t4,1,2286,41,merkle,4,0.95,sweep_merkle_n100000_sim95_t4,0.95
sweep_merkle_n100000_sim95_t4,1,2315,41,merkle,4,0.95,sweep_merkle_n100000_sim95_t4,0.95
sweep_merkle_n100000_sim95_t5,1,2231,41,merkle,5,0.95,sweep_merkle_n100000_sim95_t5,0.95
sweep_merkle_n100000_sim95_t5,1,2274,41,merkle,5,0.95,sweep_merkle_n100000_sim95_t5,0.95
sweep_rbf_riblt_n100000_sim95_t1,1,3672,162,rbf_riblt,1,0.95,sweep_rbf_riblt_n100000_sim95_t1,0.95
sweep_rbf_riblt_n100000_sim95_t1,1,3790,33,rbf_riblt,1,0.95,sweep_rbf_riblt_n100000_sim95_t1,0.95
sweep_rbf_riblt_n100000_sim95_t2,1,3836,154,rbf_riblt,2,0.95,sweep_rbf_riblt_n100000_sim95_t2,0.95
sweep_rbf_riblt_n100000_sim95_t2,1,3893,33,rbf_riblt,2,0.95,sweep_rbf_riblt_n100000_sim95_t2,0.95
sweep_rbf_riblt_n100000_sim95_t3,1,3968,95,rbf_riblt,3,0.95,sweep_rbf_riblt_n100000_sim95_t3,0.95
sweep_rbf_riblt_n100000_sim95_t3,1,3978,165,rbf_riblt,3,0.95,sweep_rbf_riblt_n100000_sim95_t3,0.95
sweep_rbf_riblt_n100000_sim95_t4,1,3758,41,rbf_riblt,4,0.95,sweep_rbf_riblt_n100000_sim95_t4,0.95
sweep_rbf_riblt_n100000_sim95_t4,1,3763,152,rbf_riblt,4,0.95,sweep_rbf_riblt_n100000_sim95_t4,0.95
sweep_rbf_riblt_n100000_sim95_t5,1,3729,36,rbf_riblt,5,0.95,sweep_rbf_riblt_n100000_sim95_t5,0.95
sweep_rbf_riblt_n100000_sim95_t5,1,3733,151,rbf_riblt,5,0.95,sweep_rbf_riblt_n100000_sim95_t5,0.95
sweep_riblt_n100000_sim97_t1,1,3365,208,riblt,1,0.97,sweep_riblt_n100000_sim97_t1,0.97
sweep_riblt_n100000_sim97_t1,1,3369,228,riblt,1,0.97,sweep_riblt_n100000_sim97_t1,0.97
sweep_riblt_n100000_sim97_t2,1,3681,217,riblt,2,0.97,sweep_riblt_n100000_sim97_t2,0.97
sweep_riblt_n100000_sim97_t2,1,3722,232,riblt,2,0.97,sweep_riblt_n100000_sim97_t2,0.97
sweep_riblt_n100000_sim97_t3,1,3452,295,riblt,3,0.97,sweep_riblt_n100000_sim97_t3,0.97
sweep_riblt_n100000_sim97_t3,1,3456,247,riblt,3,0.97,sweep_riblt_n100000_sim97_t3,0.97
sweep_riblt_n100000_sim97_t4,1,3300,227,riblt,4,0.97,sweep_riblt_n100000_sim97_t4,0.97
sweep_riblt_n100000_sim97_t4,1,3304,231,riblt,4,0.97,sweep_riblt_n100000_sim97_t4,0.97
sweep_riblt_n100000_sim97_t5,1,3525,223,riblt,5,0.97,sweep_riblt_n100000_sim97_t5,0.97
sweep_riblt_n100000_sim97_t5,1,3670,225,riblt,5,0.97,sweep_riblt_n100000_sim97_t5,0.97
sweep_merkle_n100000_sim97_t1,1,2279,39,merkle,1,0.97,sweep_merkle_n100000_sim97_t1,0.97
sweep_merkle_n100000_sim97_t1,1,2427,39,merkle,1,0.97,sweep_merkle_n100000_sim97_t1,0.97
sweep_merkle_n100000_sim97_t2,1,2247,39,merkle,2,0.97,sweep_merkle_n100000_sim97_t2,0.97
sweep_merkle_n100000_sim97_t2,1,2253,39,merkle,2,0.97,sweep_merkle_n100000_sim97_t2,0.97
sweep_merkle_n100000_sim97_t3,1,2220,39,merkle,3,0.97,sweep_merkle_n100000_sim97_t3,0.97
sweep_merkle_n100000_sim97_t3,1,2267,39,merkle,3,0.97,sweep_merkle_n100000_sim97_t3,0.97
sweep_merkle_n100000_sim97_t4,1,2189,39,merkle,4,0.97,sweep_merkle_n100000_sim97_t4,0.97
sweep_merkle_n100000_sim97_t4,1,2203,39,merkle,4,0.97,sweep_merkle_n100000_sim97_t4,0.97
sweep_merkle_n100000_sim97_t5,1,2218,39,merkle,5,0.97,sweep_merkle_n100000_sim97_t5,0.97
sweep_merkle_n100000_sim97_t5,1,2254,39,merkle,5,0.97,sweep_merkle_n100000_sim97_t5,0.97
sweep_rbf_riblt_n100000_sim97_t1,1,3654,108,rbf_riblt,1,0.97,sweep_rbf_riblt_n100000_sim97_t1,0.97
sweep_rbf_riblt_n100000_sim97_t1,1,3708,27,rbf_riblt,1,0.97,sweep_rbf_riblt_n100000_sim97_t1,0.97
sweep_rbf_riblt_n100000_sim97_t2,1,3860,30,rbf_riblt,2,0.97,sweep_rbf_riblt_n100000_sim97_t2,0.97
sweep_rbf_riblt_n100000_sim97_t2,1,3869,110,rbf_riblt,2,0.97,sweep_rbf_riblt_n100000_sim97_t2,0.97
sweep_rbf_riblt_n100000_sim97_t3,1,3576,99,rbf_riblt,3,0.97,sweep_rbf_riblt_n100000_sim97_t3,0.97
sweep_rbf_riblt_n100000_sim97_t3,1,3621,33,rbf_riblt,3,0.97,sweep_rbf_riblt_n100000_sim97_t3,0.97
sweep_rbf_riblt_n100000_sim97_t4,1,3723,28,rbf_riblt,4,0.97,sweep_rbf_riblt_n100000_sim97_t4,0.97
sweep_rbf_riblt_n100000_sim97_t4,1,3752,121,rbf_riblt,4,0.97,sweep_rbf_riblt_n100000_sim97_t4,0.97
sweep_rbf_riblt_n100000_sim97_t5,1,3653,97,rbf_riblt,5,0.97,sweep_rbf_riblt_n100000_sim97_t5,0.97
sweep_rbf_riblt_n100000_sim97_t5,1,3658,32,rbf_riblt,5,0.97,sweep_rbf_riblt_n100000_sim97_t5,0.97
sweep_riblt_n100000_sim99_t1,1,3058,80,riblt,1,0.99,sweep_riblt_n100000_sim99_t1,0.99
sweep_riblt_n100000_sim99_t1,1,3127,95,riblt,1,0.99,sweep_riblt_n100000_sim99_t1,0.99
sweep_riblt_n100000_sim99_t2,1,3129,96,riblt,2,0.99,sweep_riblt_n100000_sim99_t2,0.99
sweep_riblt_n100000_sim99_t2,1,3147,83,riblt,2,0.99,sweep_riblt_n100000_sim99_t2,0.99
sweep_riblt_n100000_sim99_t3,1,3051,93,riblt,3,0.99,sweep_riblt_n100000_sim99_t3,0.99
sweep_riblt_n100000_sim99_t3,1,3056,91,riblt,3,0.99,sweep_riblt_n100000_sim99_t3,0.99
sweep_riblt_n100000_sim99_t4,1,3020,96,riblt,4,0.99,sweep_riblt_n100000_sim99_t4,0.99
sweep_riblt_n100000_sim99_t4,1,3085,93,riblt,4,0.99,sweep_riblt_n100000_sim99_t4,0.99
sweep_riblt_n100000_sim99_t5,1,3040,82,riblt,5,0.99,sweep_riblt_n100000_sim99_t5,0.99
sweep_riblt_n100000_sim99_t5,1,3146,100,riblt,5,0.99,sweep_riblt_n100000_sim99_t5,0.99
sweep_merkle_n100000_sim99_t1,1,2271,39,merkle,1,0.99,sweep_merkle_n100000_sim99_t1,0.99
sweep_merkle_n100000_sim99_t1,1,2308,39,merkle,1,0.99,sweep_merkle_n100000_sim99_t1,0.99
sweep_merkle_n100000_sim99_t2,1,2150,39,merkle,2,0.99,sweep_merkle_n100000_sim99_t2,0.99
sweep_merkle_n100000_sim99_t2,1,2186,39,merkle,2,0.99,sweep_merkle_n100000_sim99_t2,0.99
sweep_merkle_n100000_sim99_t3,1,2207,39,merkle,3,0.99,sweep_merkle_n100000_sim99_t3,0.99
sweep_merkle_n100000_sim99_t3,1,2212,39,merkle,3,0.99,sweep_merkle_n100000_sim99_t3,0.99
sweep_merkle_n100000_sim99_t4,1,2337,39,merkle,4,0.99,sweep_merkle_n100000_sim99_t4,0.99
sweep_merkle_n100000_sim99_t4,1,2346,39,merkle,4,0.99,sweep_merkle_n100000_sim99_t4,0.99
sweep_merkle_n100000_sim99_t5,1,2229,39,merkle,5,0.99,sweep_merkle_n100000_sim99_t5,0.99
sweep_merkle_n100000_sim99_t5,1,2281,39,merkle,5,0.99,sweep_merkle_n100000_sim99_t5,0.99
sweep_rbf_riblt_n100000_sim99_t1,1,3443,40,rbf_riblt,1,0.99,sweep_rbf_riblt_n100000_sim99_t1,0.99
sweep_rbf_riblt_n100000_sim99_t1,1,3448,20,rbf_riblt,1,0.99,sweep_rbf_riblt_n100000_sim99_t1,0.99
sweep_rbf_riblt_n100000_sim99_t2,1,3550,35,rbf_riblt,2,0.99,sweep_rbf_riblt_n100000_sim99_t2,0.99
sweep_rbf_riblt_n100000_sim99_t2,1,3577,29,rbf_riblt,2,0.99,sweep_rbf_riblt_n100000_sim99_t2,0.99
sweep_rbf_riblt_n100000_sim99_t3,1,3663,47,rbf_riblt,3,0.99,sweep_rbf_riblt_n100000_sim99_t3,0.99
sweep_rbf_riblt_n100000_sim99_t3,1,3744,19,rbf_riblt,3,0.99,sweep_rbf_riblt_n100000_sim99_t3,0.99
sweep_rbf_riblt_n100000_sim99_t4,1,3455,36,rbf_riblt,4,0.99,sweep_rbf_riblt_n100000_sim99_t4,0.99
sweep_rbf_riblt_n100000_sim99_t4,1,3536,20,rbf_riblt,4,0.99,sweep_rbf_riblt_n100000_sim99_t4,0.99
sweep_rbf_riblt_n100000_sim99_t5,1,3380,24,rbf_riblt,5,0.99,sweep_rbf_riblt_n100000_sim99_t5,0.99
sweep_rbf_riblt_n100000_sim99_t5,1,3430,39,rbf_riblt,5,0.99,sweep_rbf_riblt_n100000_sim99_t5,0.99
sweep_riblt_n100000_sim100_t1,1,2511,4,riblt,1,1,sweep_riblt_n100000_sim100_t1,1.0
sweep_riblt_n100000_sim100_t1,1,2535,4,riblt,1,1,sweep_riblt_n100000_sim100_t1,1.0
sweep_riblt_n100000_sim100_t2,1,2458,4,riblt,2,1,sweep_riblt_n100000_sim100_t2,1.0
sweep_riblt_n100000_sim100_t2,1,2462,4,riblt,2,1,sweep_riblt_n100000_sim100_t2,1.0
sweep_riblt_n100000_sim100_t3,1,2463,4,riblt,3,1,sweep_riblt_n100000_sim100_t3,1.0
sweep_riblt_n100000_sim100_t3,1,2467,4,riblt,3,1,sweep_riblt_n100000_sim100_t3,1.0
sweep_riblt_n100000_sim100_t4,1,2366,3,riblt,4,1,sweep_riblt_n100000_sim100_t4,1.0
sweep_riblt_n100000_sim100_t4,1,2404,4,riblt,4,1,sweep_riblt_n100000_sim100_t4,1.0
sweep_riblt_n100000_sim100_t5,1,2541,4,riblt,5,1,sweep_riblt_n100000_sim100_t5,1.0
sweep_riblt_n100000_sim100_t5,1,2602,4,riblt,5,1,sweep_riblt_n100000_sim100_t5,1.0
sweep_merkle_n100000_sim100_t1,1,1607,1,merkle,1,1,sweep_merkle_n100000_sim100_t1,1.0
sweep_merkle_n100000_sim100_t1,1,1610,1,merkle,1,1,sweep_merkle_n100000_sim100_t1,1.0
sweep_merkle_n100000_sim100_t2,1,1614,1,merkle,2,1,sweep_merkle_n100000_sim100_t2,1.0
sweep_merkle_n100000_sim100_t2,1,1617,1,merkle,2,1,sweep_merkle_n100000_sim100_t2,1.0
sweep_merkle_n100000_sim100_t3,1,1626,1,merkle,3,1,sweep_merkle_n100000_sim100_t3,1.0
sweep_merkle_n100000_sim100_t3,1,1629,1,merkle,3,1,sweep_merkle_n100000_sim100_t3,1.0
sweep_merkle_n100000_sim100_t4,1,1634,1,merkle,4,1,sweep_merkle_n100000_sim100_t4,1.0
sweep_merkle_n100000_sim100_t4,1,1636,1,merkle,4,1,sweep_merkle_n100000_sim100_t4,1.0
sweep_merkle_n100000_sim100_t5,1,1673,1,merkle,5,1,sweep_merkle_n100000_sim100_t5,1.0
sweep_merkle_n100000_sim100_t5,1,1676,1,merkle,5,1,sweep_merkle_n100000_sim100_t5,1.0
sweep_rbf_riblt_n100000_sim100_t1,1,3138,5,rbf_riblt,1,1,sweep_rbf_riblt_n100000_sim100_t1,1.0
sweep_rbf_riblt_n100000_sim100_t1,1,3252,7,rbf_riblt,1,1,sweep_rbf_riblt_n100000_sim100_t1,1.0
sweep_rbf_riblt_n100000_sim100_t2,1,3163,7,rbf_riblt,2,1,sweep_rbf_riblt_n100000_sim100_t2,1.0
sweep_rbf_riblt_n100000_sim100_t2,1,3190,5,rbf_riblt,2,1,sweep_rbf_riblt_n100000_sim100_t2,1.0
sweep_rbf_riblt_n100000_sim100_t3,1,3071,5,rbf_riblt,3,1,sweep_rbf_riblt_n100000_sim100_t3,1.0
sweep_rbf_riblt_n100000_sim100_t3,1,3149,7,rbf_riblt,3,1,sweep_rbf_riblt_n100000_sim100_t3,1.0
sweep_rbf_riblt_n100000_sim100_t4,1,3162,7,rbf_riblt,4,1,sweep_rbf_riblt_n100000_sim100_t4,1.0
sweep_rbf_riblt_n100000_sim100_t4,1,3180,5,rbf_riblt,4,1,sweep_rbf_riblt_n100000_sim100_t4,1.0
sweep_rbf_riblt_n100000_sim100_t5,1,3145,5,rbf_riblt,5,1,sweep_rbf_riblt_n100000_sim100_t5,1.0
sweep_rbf_riblt_n100000_sim100_t5,1,3244,7,rbf_riblt,5,1,sweep_rbf_riblt_n100000_sim100_t5,1.0
